序号,单词,音标,词性,中文
1,spectacular,/spectacular/,adj.,壮观的
2,magnificent,/magnificent/,adj.,宏伟的
3,crisis,/crisis/,v./n.,危机
4,chaotic,/chaotic/,adj.,混乱的
5,attack,/attack/,v./n.,攻击
6,prosperous,/prosperous/,adj.,繁荣的
7,bankruptcy,/bankruptcy/,v./n.,破产
8,collapse,/collapse/,v./n.,崩溃
9,veteran,/veteran/,v./n.,老手
10,dedicate,/dedicate/,v.,奉献
11,stroke,/stroke/,v./n.,中风
12,hospitalize,/hospitalize/,v.,住院
13,condition,/condition/,n.,状况
14,treatment,/treatment/,n.,治疗
15,recover,/recover/,v./n.,恢复
16,resume,/resume/,v./n.,恢复
17,situation,/situation/,n.,局势
18,fragile,/fragile/,adj.,脆弱的
19,grasp,/grasp/,v./n.,抓住
20,assault,/assault/,v./n.,攻击
21,launch,/launch/,v./n.,发起
22,aggressive,/aggressive/,adj.,激进的
23,strategy,/strategy/,v./n.,策略
24,acquire,/acquire/,v./n.,收购
25,asset,/asset/,v./n.,资产
26,pressure,/pressure/,v./n.,施压
27,repay,/repay/,v./n.,偿还
28,loan,/loan/,v./n.,贷款
29,suspend,/suspend/,v./n.,暂停
30,payment,/payment/,n.,付款
31,turbulence,/turbulence/,n.,动荡
32,eldest,/eldest/,adj.,最年长的
33,obtain,/obtain/,v./n.,获得
34,academic,/academic/,adj.,学术的
35,practical,/practical/,adj.,实践的
36,urgent,/urgent/,adj.,紧急的
37,abandon,/abandon/,v./n.,放弃
38,leisure,/leisure/,v./n.,悠闲
39,assume,/assume/,v./n.,承担
40,responsibility,/responsibility/,n.,责任
41,consult,/consult/,v./n.,咨询
42,solution,/solution/,n.,解决方案
43,thorough,/thorough/,adj.,彻底的
44,conclude,/conclude/,v./n.,得出结论
45,resource,/resource/,v./n.,资源
46,overcome,/overcome/,v./n.,克服
47,obstacle,/obstacle/,v./n.,障碍
48,partner,/partner/,v./n.,合作伙伴
49,capital,/capital/,adj.,资金
50,support,/support/,v./n.,支持
51,numerous,/numerous/,adj.,众多的
52,promising,/promising/,adj.,有希望的
53,candidate,/candidate/,v.,候选者
54,chief,/chief/,adj.,主要的
55,prominent,/prominent/,adj.,杰出的
56,accumulate,/accumulate/,v.,积累
57,enormous,/enormous/,adj.,巨大的
58,possess,/possess/,v./n.,拥有
59,extraordinary,/extraordinary/,adj.,非凡的
60,talent,/talent/,v./n.,才能
61,accept,/accept/,v./n.,接受
62,cooperation,/cooperation/,n.,合作
63,rumor,/rumor/,v./n.,传言
64,ruthless,/ruthless/,adj.,无情的
65,compromise,/compromise/,v./n.,妥协
66,critical,/critical/,adj.,关键的
67,bold,/bold/,adj.,大胆的
68,gamble,/gamble/,v./n.,赌注
69,alternative,/alternative/,adj.,选择
70,acquaintance,/acquaintance/,n.,熟人
71,arrange,/arrange/,v./n.,安排
72,appointment,/appointment/,n.,约会
73,prepare,/prepare/,v./n.,准备
74,review,/review/,v./n.,复习
75,familiarize,/familiarize/,v.,熟悉
76,style,/style/,v./n.,风格
77,identify,/identify/,v.,确定
78,leverage,/leverage/,v./n.,筹码
79,determine,/determine/,v./n.,决定
80,destiny,/destiny/,v./n.,命运
81,luxury,/luxury/,adj.,豪华的
82,skyscraper,/skyscraper/,v./n.,摩天大楼
83,design,/design/,v./n.,设计
84,embody,/embody/,v./n.,体现
85,rigorous,/rigorous/,adj.,严谨的
86,elegant,/elegant/,adj.,优雅的
87,taste,/taste/,v./n.,品味
88,deliberate,/deliberate/,v.,深思熟虑的
89,conceal,/conceal/,adj.,掩盖
90,anxiety,/anxiety/,v./n.,焦虑
91,calm,/calm/,adj.,冷静的
92,confidence,/confidence/,n.,自信
93,panorama,/panorama/,v./n.,全景
94,sharp,/sharp/,adj.,锐利的
95,suspicion,/suspicion/,v./n.,怀疑
96,curiosity,/curiosity/,n.,好奇
97,curious,/curious/,adj.,好奇的
98,invest,/invest/,v./n.,投资
99,compose,/compose/,v./n.,镇静
100,presentation,/presentation/,n.,陈述
101,precise,/precise/,adj.,准确的
102,logical,/logical/,adj.,逻辑的
103,demonstrate,/demonstrate/,v.,展示
104,potential,/potential/,adj.,潜力
105,value,/value/,v./n.,价值
106,innovation,/innovation/,n.,创新
107,breakthrough,/breakthrough/,v./n.,突破
108,expand,/expand/,v./n.,扩张
109,interrupt,/interrupt/,v./n.,打断
110,articulate,/articulate/,v.,清晰表达的
111,ignore,/ignore/,v./n.,忽略
112,fundamental,/fundamental/,adj.,基本的
113,financial,/financial/,adj.,财政的
114,precarious,/precarious/,adj.,不稳定的
115,involve,/involve/,v./n.,包含
116,transaction,/transaction/,n.,交易
117,bear,/bear/,v./n.,承担
118,elaborate,/elaborate/,v.,详细说明
119,inject,/inject/,v./n.,注入
120,share,/share/,v./n.,股份
121,obey,/obey/,v./n.,服从
122,redeem,/redeem/,v./n.,赎回
123,contain,/contain/,v./n.,包含
124,reliable,/reliable/,adj.,可靠的
125,assist,/assist/,v./n.,协助
126,background,/background/,v./n.,背景
127,formal,/formal/,adj.,正式的
128,draft,/draft/,v./n.,草案
129,scan,/scan/,v./n.,浏览
130,clause,/clause/,v./n.,条款
131,complicated,/complicated/,adj.,复杂的
132,analyze,/analyze/,v./n.,分析
133,obligation,/obligation/,n.,义务
134,penalty,/penalty/,v./n.,惩罚
135,provision,/provision/,n.,规定
136,control,/control/,v./n.,控制
137,reasonable,/reasonable/,adj.,合理的
138,modify,/modify/,v.,修改
139,emphasize,/emphasize/,v.,强调
140,equal,/equal/,adj.,平等的
141,partnership,/partnership/,v./n.,合作关系
142,hesitate,/hesitate/,v.,犹豫
143,vulnerable,/vulnerable/,adj.,脆弱的
144,remarkable,/remarkable/,adj.,非凡的
145,perspective,/perspective/,adj.,视角
146,evaluate,/evaluate/,v.,评价
147,intense,/intense/,adj.,激烈的
148,benefit,/benefit/,v./n.,利益
149,guarantee,/guarantee/,v./n.,保障
150,respect,/respect/,v./n.,尊重
151,impression,/impression/,n.,印象
152,work,/work/,v./n.,工作
153,senior,/senior/,adj.,高级的
154,manager,/manager/,v./n.,经理
155,research,/research/,v./n.,研究
156,challenging,/challenging/,adj.,有挑战性的
157,adapt,/adapt/,v./n.,适应
158,determined,/determined/,adj.,坚决的
159,diligent,/diligent/,adj.,勤奋的
160,detail,/detail/,v./n.,细节
161,trend,/trend/,v./n.,趋势
162,visit,/visit/,v./n.,拜访
163,collect,/collect/,v./n.,收集
164,feedback,/feedback/,v./n.,反馈
165,recognize,/recognize/,v.,认可
166,experienced,/experienced/,adj.,有经验的
167,performance,/performance/,n.,表现
168,surprise,/surprise/,v./n.,惊讶
169,capability,/capability/,n.,能力
170,expectation,/expectation/,n.,期望
171,private,/private/,v.,私人的
172,passion,/passion/,n.,热情
173,indifferent,/indifferent/,adj.,冷漠的
174,attention,/attention/,n.,关注
175,insightful,/insightful/,adj.,有洞察力的
176,analysis,/analysis/,v./n.,分析
177,solid,/solid/,adj.,坚实的
178,logic,/logic/,v./n.,逻辑
179,organize,/organize/,v.,组织
180,attend,/attend/,v./n.,参加
181,manage,/manage/,v./n.,设法
182,appear,/appear/,v./n.,出现
183,presence,/presence/,n.,出席
184,occasion,/occasion/,n.,场合
185,coincide,/coincide/,v./n.,巧合
186,complete,/complete/,v./n.,完成
187,collaborate,/collaborate/,v.,合作
188,challenge,/challenge/,v./n.,挑战
189,dense,/dense/,adj.,密集的
190,hidden,/hidden/,adj.,隐藏的
191,checkpoint,/checkpoint/,v./n.,检查点
192,coordinate,/coordinate/,v.,协调
193,professional,/professional/,adj.,专业的
194,quality,/quality/,n.,素质
195,navigate,/navigate/,v.,导航
196,motivate,/motivate/,v.,激励
197,resolve,/resolve/,v./n.,解决
198,steep,/steep/,adj.,陡峭的
199,extend,/extend/,v./n.,伸出
200,suspect,/suspect/,v./n.,怀疑
201,home,/home/,v./n.,回家
202,gentle,/gentle/,adj.,柔和的
203,alternate,/alternate/,v.,交替
204,atmosphere,/atmosphere/,v./n.,气氛
205,rare,/rare/,v./n.,难得
206,praise,/praise/,v./n.,赞扬
207,appreciate,/appreciate/,v.,欣赏
208,teamwork,/teamwork/,v./n.,团队精神
209,fulfill,/fulfill/,v./n.,履行
210,duty,/duty/,v./n.,职责
211,important,/important/,adj.,重要的
212,present,/present/,v./n.,呈现
213,nervous,/nervous/,adj.,紧张的
214,significant,/significant/,adj.,重要的
215,complex,/complex/,adj.,复杂的
216,ambition,/ambition/,n.,抱负
217,outline,/outline/,v./n.,概述
218,emerge,/emerge/,v./n.,出现
219,annual,/annual/,adj.,年度的
220,crucial,/crucial/,adj.,至关重要的
221,summit,/summit/,v./n.,峰会
222,executive,/executive/,adj.,执行官
223,screen,/screen/,v./n.,屏幕
224,display,/display/,v./n.,显示
225,report,/report/,v./n.,报告
226,steady,/steady/,adj.,稳定的
227,summarize,/summarize/,v.,总结
228,revenue,/revenue/,v./n.,收入
229,growth,/growth/,v./n.,增长
230,exceed,/exceed/,v./n.,超出
231,favorable,/favorable/,adj.,有利的
232,response,/response/,v./n.,反应
233,issue,/issue/,v./n.,问题
234,rise,/rise/,v./n.,上升
235,efficiency,/efficiency/,v./n.,效率
236,capture,/capture/,v./n.,夺取
237,contribute,/contribute/,v./n.,贡献
238,opinion,/opinion/,v./n.,观点
239,effective,/effective/,adj.,有效的
240,convince,/convince/,v./n.,说服
241,exchange,/exchange/,v./n.,交换
242,furnish,/furnish/,v./n.,布置
243,leather,/leather/,v./n.,皮革
244,penetrate,/penetrate/,v.,穿透
245,explain,/explain/,v./n.,解释
246,interview,/interview/,v./n.,采访
247,consumer,/consumer/,v./n.,消费者
248,monitor,/monitor/,v./n.,监控
249,expert,/expert/,v./n.,专家
250,nod,/nod/,v./n.,点头
251,approve,/approve/,v./n.,认可
252,investigate,/investigate/,v.,调查
253,arrive,/arrive/,adj.,到达
254,leave,/leave/,v./n.,离开
255,devote,/devote/,v./n.,奉献
256,predict,/predict/,v./n.,预测
257,comprehensive,/comprehensive/,adj.,综合的
258,categorize,/categorize/,v.,分类
259,variable,/variable/,adj.,变量
260,employ,/employ/,v./n.,使用
261,forecast,/forecast/,v./n.,预测
262,basis,/basis/,v./n.,依据
263,create,/create/,v.,制造
264,jealousy,/jealousy/,v./n.,嫉妒
265,manifest,/manifest/,v./n.,表现
266,clarify,/clarify/,v.,澄清
267,mature,/mature/,v./n.,成熟
268,process,/process/,v./n.,处理
269,surround,/surround/,v./n.,包围
270,silence,/silence/,n.,寂静
271,content,/content/,v./n.,内容
272,answer,/answer/,v./n.,回答
273,projection,/projection/,n.,预测
274,similar,/similar/,adj.,相似的
275,sensitive,/sensitive/,adj.,敏感的
276,perceive,/perceive/,adj.,感知
277,systematic,/systematic/,adj.,系统的
278,describe,/describe/,v./n.,描述
279,submit,/submit/,v./n.,提交
280,cover,/cover/,v./n.,覆盖
281,implement,/implement/,n.,实施
282,accurate,/accurate/,v.,准确的
283,excellent,/excellent/,adj.,优秀的
284,impress,/impress/,v./n.,印象深刻
285,execute,/execute/,v./n.,执行
286,feasible,/feasible/,adj.,可行的
287,adjust,/adjust/,v./n.,调整
288,know,/know/,v./n.,了解
289,acknowledge,/acknowledge/,v./n.,承认
290,begin,/begin/,v./n.,开始
291,effort,/effort/,v./n.,努力
292,persist,/persist/,v./n.,坚持
293,increase,/increase/,v./n.,增加
294,opportunity,/opportunity/,n.,机会
295,trust,/trust/,v./n.,信任
296,test,/test/,v./n.,考验
297,plan,/plan/,v./n.,计划
298,schedule,/schedule/,v./n.,时间表
299,budget,/budget/,v./n.,预算
300,allocate,/allocate/,v.,分配
301,smile,/smile/,v./n.,微笑
302,lead,/lead/,v./n.,领导
303,assign,/assign/,v./n.,指派
304,journey,/journey/,v./n.,旅程
305,fade,/fade/,v./n.,流逝
306,blur,/blur/,v./n.,模糊
307,desperate,/desperate/,v.,绝望的
308,respond,/respond/,v./n.,回应
309,fragment,/fragment/,n.,片段
310,betray,/betray/,v./n.,背叛
311,dream,/dream/,v./n.,梦想
312,end,/end/,v./n.,结束了
313,room,/room/,v./n.,房间
314,curtain,/curtain/,v./n.,窗帘
315,familiar,/familiar/,adj.,熟悉的
316,beat,/beat/,v./n.,跳动
317,photo,/photo/,v./n.,照片
318,realize,/realize/,v.,意识到
319,rebirth,/rebirth/,v./n.,重生
320,vivid,/vivid/,adj.,生动的
321,transform,/transform/,v./n.,转型
322,revolution,/revolution/,n.,革命
323,experience,/experience/,n.,经历
324,tragic,/tragic/,adj.,悲剧的
325,emotion,/emotion/,n.,情感
326,fluctuate,/fluctuate/,v.,波动
327,interweave,/interweave/,v./n.,交织
328,suffer,/suffer/,v./n.,遭受
329,stagnate,/stagnate/,v.,停滞
330,vision,/vision/,n.,视野
331,regret,/regret/,v./n.,遗憾
332,sorrow,/sorrow/,v./n.,悲哀
333,reflection,/reflection/,n.,反思
334,live,/live/,adj.,活
335,cherish,/cherish/,v./n.,珍惜
336,arrangement,/arrangement/,n.,安排
337,strong,/strong/,v./n.,强者
338,graduate,/graduate/,v.,毕业
339,enterprise,/enterprise/,v./n.,企业
340,boring,/boring/,adj.,枯燥的
341,gradual,/gradual/,adj.,逐渐的
342,pain,/pain/,v./n.,痛苦
343,decision,/decision/,n.,决定
344,reject,/reject/,v./n.,拒绝
345,pursue,/pursue/,v./n.,追求
346,industry,/industry/,v./n.,行业
347,electronic,/electronic/,v./n.,电子
348,reshape,/reshape/,v./n.,重塑
349,era,/era/,v./n.,时代
350,grow,/grow/,v./n.,增长
351,wealth,/wealth/,v./n.,财富
352,miracle,/miracle/,v./n.,奇迹
353,small,/small/,adj.,小的
354,network,/network/,v./n.,人脉
355,brand,/brand/,v./n.,品牌
356,wisdom,/wisdom/,v./n.,智慧
357,difficulty,/difficulty/,v./n.,困难
358,stress,/stress/,v./n.,压力
359,dilemma,/dilemma/,v./n.,困境
360,oppose,/oppose/,v./n.,反对
361,drive,/drive/,adj.,推动
362,courage,/courage/,v./n.,勇气
363,conquer,/conquer/,v./n.,征服
364,peak,/peak/,v./n.,山峰
365,fail,/fail/,v./n.,失败
366,prelude,/prelude/,v./n.,前奏
367,power,/power/,v./n.,力量
368,motive,/motive/,adj.,动力
369,absorb,/absorb/,v./n.,吸收
370,forum,/forum/,v./n.,论坛
371,advantage,/advantage/,v./n.,优势
372,succeed,/succeed/,v./n.,成功
373,profit,/profit/,v./n.,盈利
374,foresight,/foresight/,v./n.,预见
375,energy,/energy/,v./n.,精力
376,state,/state/,v.,状态
377,struggle,/struggle/,v./n.,挣扎
378,expect,/expect/,v./n.,预期
379,entrepreneur,/entrepreneur/,v./n.,创业者
380,reputation,/reputation/,n.,声誉
381,contact,/contact/,v./n.,联系
382,intention,/intention/,n.,意向
383,business,/business/,n.,事业
384,negative,/negative/,adj.,负面的
385,threaten,/threaten/,v./n.,威胁
386,steal,/steal/,adj.,窃取
387,profound,/profound/,adj.,深刻的
388,cautious,/cautious/,adj.,警惕
389,correct,/correct/,adj.,正确的
390,team,/team/,v./n.,团队
391,loyalty,/loyalty/,v./n.,忠诚
392,mechanism,/mechanism/,v./n.,机制
393,inspire,/inspire/,v./n.,激励
394,delegate,/delegate/,v.,授权
395,reward,/reward/,v./n.,奖励
396,foundation,/foundation/,n.,基础
397,enhance,/enhance/,n.,提升
398,range,/range/,v./n.,范围
399,balance,/balance/,n.,平衡
400,solve,/solve/,v./n.,解决
401,goal,/goal/,adj.,目标
402,change,/change/,v./n.,改变
403,achievement,/achievement/,n.,成就
404,empty,/empty/,adj.,空虚的
405,success,/success/,v./n.,成功
406,gratitude,/gratitude/,v./n.,感激
407,distinct,/distinct/,adj.,明显的
408,compensate,/compensate/,v.,补偿
409,confuse,/confuse/,v./n.,迷茫
410,fuel,/fuel/,v./n.,燃料
411,fresh,/fresh/,adj.,崭新的
412,crown,/crown/,v./n.,王冠
413,claim,/claim/,v./n.,夺取
414,stable,/stable/,adj.,稳定
415,development,/development/,n.,发展
416,rational,/rational/,adj.,理性的
417,advance,/advance/,n.,提前
418,competitive,/competitive/,adj.,竞争的
419,contest,/contest/,v./n.,竞争
420,dawn,/dawn/,v./n.,黎明
421,sufficient,/sufficient/,adj.,充分的
422,dominate,/dominate/,v.,主导
423,variety,/variety/,v./n.,多样
424,verify,/verify/,v.,验证
425,competitor,/competitor/,v./n.,竞争对手
426,database,/database/,v./n.,数据库
427,compare,/compare/,v./n.,比较
428,phenomenon,/phenomenon/,v./n.,现象
429,survive,/survive/,adj.,生存
430,patience,/patience/,n.,耐心
431,insight,/insight/,v./n.,洞察力
432,prospect,/prospect/,v./n.,前景
433,efficient,/efficient/,adj.,高效的
434,intensive,/intensive/,adj.,密集的
435,core,/core/,v./n.,核心
436,discussion,/discussion/,n.,讨论
437,blueprint,/blueprint/,v./n.,蓝图
438,ambitious,/ambitious/,adj.,有雄心的
439,brilliant,/brilliant/,adj.,出色的
440,influence,/influence/,n.,影响力
441,leader,/leader/,v./n.,领导者
442,essential,/essential/,adj.,必要的
443,product,/product/,v./n.,产品
444,specific,/specific/,adj.,明确的
445,prioritize,/prioritize/,v.,优先
446,creative,/creative/,adj.,创造性的
447,flexible,/flexible/,adj.,灵活的
448,coverage,/coverage/,v./n.,覆盖
449,service,/service/,v./n.,服务
450,maximize,/maximize/,v.,最大化
451,strategic,/strategic/,adj.,战略性的
452,carefully,/carefully/,adv.,精心
453,position,/position/,n.,定位
454,reflect,/reflect/,v./n.,反映
455,procedure,/procedure/,v./n.,过程
456,anxious,/anxious/,adj.,焦虑
457,soothe,/soothe/,v./n.,安抚
458,cooperate,/cooperate/,v.,合作
459,barrier,/barrier/,v./n.,障碍
460,brainstorm,/brainstorm/,v./n.,头脑风暴
461,mutual,/mutual/,adj.,相互的
462,establish,/establish/,v./n.,建立
463,prototype,/prototype/,v./n.,原型
464,evaluation,/evaluation/,n.,评估
465,enthusiastic,/enthusiastic/,v./n.,热情
466,treasure,/treasure/,v./n.,财富
467,trial,/trial/,adj.,试
468,imitate,/imitate/,v.,模仿
469,hostile,/hostile/,adj.,敌对的
470,anticipate,/anticipate/,v.,预料
471,technology,/technology/,v./n.,技术
472,secure,/secure/,v./n.,安全
473,intellectual,/intellectual/,adj.,知识产权
474,transparent,/transparent/,adj.,透明的
475,essence,/essence/,n.,本质
476,stimulate,/stimulate/,v.,激发
477,collaboration,/collaboration/,n.,合作
478,synergy,/synergy/,v./n.,协同效应
479,formulate,/formulate/,v.,制定
480,index,/index/,v./n.,指标
481,measure,/measure/,v./n.,衡量
482,progress,/progress/,v./n.,进展
483,transformation,/transformation/,n.,转型
484,sustain,/sustain/,v./n.,持续
485,promote,/promote/,v./n.,推进
486,premium,/premium/,adj.,优质的
487,flow,/flow/,v./n.,流量
488,sale,/sale/,v./n.,销售
489,unique,/unique/,adj.,独特的
490,achieve,/achieve/,v./n.,实现
491,campus,/campus/,v./n.,校园
492,diploma,/diploma/,v./n.,毕业证书
493,uncertainty,/uncertainty/,v./n.,不确定
494,application,/application/,n.,申请
495,recruit,/recruit/,v./n.,招聘
496,commercial,/commercial/,adj.,商业
497,qualification,/qualification/,n.,资格
498,diverse,/diverse/,adj.,多样的
499,commitment,/commitment/,n.,承诺
500,offer,/offer/,v./n.,录用通知
501,probation,/probation/,n.,试用期
502,career,/career/,v./n.,职业发展
503,sunlight,/sunlight/,v./n.,阳光
504,shock,/shock/,v./n.,震撼
505,guide,/guide/,v./n.,指引
506,regulation,/regulation/,n.,规章
507,welfare,/welfare/,v./n.,福利
508,document,/document/,n.,文件
509,introduce,/introduce/,v./n.,介绍
510,intern,/intern/,v./n.,实习生
511,applicant,/applicant/,v./n.,申请人
512,seat,/seat/,v./n.,座位
513,environment,/environment/,n.,环境
514,supply,/supply/,adv.,供应品
515,task,/task/,v./n.,任务
516,information,/information/,n.,信息
517,attentive,/attentive/,adj.,专注的
518,rhythm,/rhythm/,v./n.,节奏
519,colleague,/colleague/,v./n.,同事
520,integrate,/integrate/,v.,融入
521,assignment,/assignment/,n.,任务
522,observe,/observe/,v./n.,观察
523,contrast,/contrast/,v./n.,差异
524,learn,/learn/,v./n.,学习
525,key,/key/,v./n.,关键
526,attitude,/attitude/,v./n.,态度
527,relationship,/relationship/,v./n.,关系
528,culture,/culture/,v./n.,文化
529,initiative,/initiative/,adj.,主动性
530,deadline,/deadline/,v./n.,截止日期
531,deliver,/deliver/,v./n.,交付
532,study,/study/,v./n.,学习
533,skill,/skill/,v./n.,技能
534,horizon,/horizon/,v./n.,视野
535,communicate,/communicate/,v.,沟通
536,guidance,/guidance/,n.,指导
537,persistence,/persistence/,n.,坚持
538,competent,/competent/,adj.,有能力的
539,profession,/profession/,n.,职业
540,improvement,/improvement/,n.,改进
541,sudden,/sudden/,adj.,突然的
542,target,/target/,v./n.,针对
543,bully,/bully/,adv.,霸凌
544,unfair,/unfair/,adj.,不公平的
545,injustice,/injustice/,v./n.,不公正
546,tone,/tone/,v./n.,语气
547,sarcasm,/sarcasm/,v./n.,讽刺
548,mockery,/mockery/,v./n.,嘲笑
549,hurt,/hurt/,v./n.,伤害
550,frustrate,/frustrate/,v.,沮丧
551,handle,/handle/,v./n.,处理
552,psychological,/psychological/,adj.,心理的
553,positive,/positive/,adj.,积极的
554,temporary,/temporary/,adj.,暂时的
555,hardship,/hardship/,v./n.,艰难
556,encourage,/encourage/,v./n.,鼓励
557,defense,/defense/,v./n.,防线
558,criticize,/criticize/,v.,批评
559,harsh,/harsh/,adj.,严厉的
560,embarrass,/embarrass/,v./n.,使尴尬
561,humiliation,/humiliation/,n.,羞辱
562,public,/public/,adj.,公开的
563,insult,/insult/,v./n.,侮辱
564,remark,/remark/,v./n.,言论
565,incompetent,/incompetent/,adj.,无能的
566,unqualified,/unqualified/,adj.,不合格的
567,label,/label/,v./n.,标签
568,verbal,/verbal/,adj.,言语的
569,harassment,/harassment/,n.,骚扰
570,inferior,/inferior/,adj.,低等的
571,worthless,/worthless/,adj.,无价值的
572,relation,/relation/,n.,关系
573,sacrifice,/sacrifice/,v./n.,牺牲
574,whisper,/whisper/,v./n.,低语
575,FALSE,/false/,adj.,虚假的
576,insufficient,/insufficient/,adj.,不足的
577,spread,/spread/,v./n.,传播
578,malicious,/malicious/,adj.,恶意的
579,slander,/slander/,v./n.,诽谤
580,isolate,/isolate/,v.,孤立
581,complicate,/complicate/,v.,复杂
582,exclude,/exclude/,v./n.,排挤
583,unwelcome,/unwelcome/,adj.,不受欢迎的
584,discriminate,/discriminate/,v.,歧视
585,helpless,/helpless/,adj.,无助
586,standard,/standard/,v./n.,标准
587,uncertain,/uncertain/,adj.,不确定的
588,artificial,/artificial/,adj.,人为的
589,tactic,/tactic/,v./n.,策略
590,means,/means/,v./n.,手段
591,incapable,/incapable/,adj.,无能力的
592,obvious,/obvious/,adj.,明显的
593,affect,/affect/,v./n.,影响
594,recall,/recall/,v./n.,回想
595,mental,/mental/,adj.,精神的
596,burden,/burden/,v./n.,负担
597,physical,/physical/,adj.,身体的
598,symptom,/symptom/,v./n.,症状
599,damage,/damage/,v./n.,损害
600,suggestion,/suggestion/,n.,建议
601,avoid,/avoid/,v./n.,逃避
602,cope,/cope/,v./n.,应对
603,regulate,/regulate/,v.,调节
604,breathe,/breathe/,v./n.,呼吸
605,pause,/pause/,v./n.,暂停
606,journal,/journal/,adj.,日记
607,therapy,/therapy/,v./n.,治疗
608,release,/release/,v./n.,释放
609,seek,/seek/,v./n.,寻求
610,advice,/advice/,v./n.,建议
611,organizational,/organizational/,adj.,组织的
612,mention,/mention/,n.,提及
613,shameless,/shameless/,adj.,无耻的
614,harm,/harm/,v./n.,伤害
615,strengthen,/strengthen/,v./n.,加强
616,method,/method/,v./n.,方法
617,gather,/gather/,v./n.,收集
618,interaction,/interaction/,n.,互动
619,witness,/witness/,n.,证人
620,evidence,/evidence/,n.,证据
621,written,/written/,adj.,书面的
622,deny,/deny/,v./n.,否认
623,distort,/distort/,v./n.,歪曲
624,perseverance,/perseverance/,n.,坚持
625,result,/result/,v./n.,结果
626,participate,/participate/,v.,参与
627,recognition,/recognition/,n.,认可
628,build,/build/,v./n.,建立
629,connect,/connect/,v./n.,联系
630,warm,/warm/,adj.,热情的
631,sympathize,/sympathize/,v.,同情
632,authority,/authority/,n.,权威
633,sincere,/sincere/,v./n.,真诚
634,gradually,/gradually/,adv.,逐渐
635,mentor,/mentor/,v./n.,导师
636,serious,/serious/,adj.,严重的
637,policy,/policy/,v./n.,政策
638,HR,/HR/,v./n.,人力资源部门
639,incident,/incident/,v./n.,事件
640,impact,/impact/,v./n.,影响
641,warn,/warn/,v./n.,警告
642,discipline,/discipline/,v./n.,纪律处分
643,outcome,/outcome/,v./n.,结果
644,relieve,/relieve/,v./n.,释然
645,admire,/admire/,v./n.,钦佩
646,behavior,/behavior/,v./n.,行为
647,fair,/fair/,adj.,公平的
648,arrogant,/arrogant/,v./n.,傲慢
649,humble,/humble/,adj.,谦逊的
650,willpower,/willpower/,v./n.,意志力
651,principle,/principle/,v./n.,原则
652,integrity,/integrity/,n.,正直
653,intelligence,/intelligence/,n.,智力
654,lesson,/lesson/,v./n.,教训
655,brave,/brave/,v./n.,勇敢
656,step,/step/,v./n.,步骤
657,justice,/justice/,v./n.,正义
658,light,/light/,v./n.,光明
659,vibrant,/vibrant/,adj.,充满活力的
660,excitement,/excitement/,n.,兴奋
661,university,/university/,n.,大学
662,architecture,/architecture/,v./n.,建筑
663,charm,/charm/,v./n.,魅力
664,flutter,/flutter/,v./n.,飘动
665,prestigious,/prestigious/,adj.,享有声望的
666,plaza,/plaza/,v./n.,广场
667,anticipation,/anticipation/,n.,期待
668,booth,/booth/,v./n.,摊位
669,volunteer,/volunteer/,v./n.,志愿者
670,admission,/admission/,n.,入学
671,special,/special/,adj.,特殊的
672,unfamiliar,/unfamiliar/,adj.,陌生的
673,remote,/remote/,adj.,偏远的
674,unknown,/unknown/,adj.,未知的
675,direction,/direction/,n.,方向
676,massive,/massive/,adj.,巨大的
677,overwhelm,/overwhelm/,v./n.,不知所措
678,location,/location/,n.,地点
679,panic,/panic/,v./n.,恐慌
680,building,/building/,v./n.,建筑
681,attractive,/attractive/,adj.,吸引人的
682,landscape,/landscape/,v./n.,风景
683,lonely,/lonely/,adv.,孤独的
684,inquire,/inquire/,v./n.,询问
685,junction,/junction/,n.,交叉口
686,figure,/figure/,v./n.,身影
687,apologize,/apologize/,v.,道歉
688,accelerate,/accelerate/,v.,加速
689,kindness,/kindness/,n.,善良
690,polite,/polite/,adj.,礼貌的
691,breeding,/breeding/,v./n.,教养
692,handsome,/handsome/,v./n.,英俊
693,relax,/relax/,v./n.,放松
694,confusion,/confusion/,n.,困惑
695,confident,/confident/,adj.,自信的
696,scenery,/scenery/,v./n.,景观
697,ideal,/ideal/,adj.,理想的
698,laboratory,/laboratory/,v./n.,实验室
699,function,/function/,n.,功能
700,tradition,/tradition/,n.,传统
701,outstanding,/outstanding/,adj.,杰出的
702,care,/care/,v./n.,关心
703,profile,/profile/,v./n.,侧面
704,ripple,/ripple/,v./n.,涟漪
705,item,/item/,v./n.,项目
706,student,/student/,v./n.,学生
707,scholarship,/scholarship/,v./n.,奖学金
708,personality,/personality/,n.,性格
709,humorous,/humorous/,adj.,幽默
710,friendship,/friendship/,v./n.,友谊
711,hobby,/hobby/,v./n.,爱好
712,harmony,/harmony/,v./n.,和谐
713,expression,/expression/,n.,表情
714,orientation,/orientation/,n.,新生指导
715,purchase,/purchase/,v./n.,购买
716,moment,/moment/,n.,时刻
717,encounter,/encounter/,v./n.,遇见
718,delight,/delight/,v./n.,喜悦
719,motivation,/motivation/,n.,动力
720,poetic,/poetic/,adj.,诗意的
721,knowledge,/knowledge/,v./n.,知识
722,illustration,/illustration/,n.,例子
723,ability,/ability/,n.,能力
724,regular,/regular/,v./n.,规律
725,highlight,/highlight/,v./n.,突出
726,understanding,/understanding/,v./n.,理解
727,knowledgeable,/knowledgeable/,adj.,知识渊博
728,thoughtful,/thoughtful/,adj.,体贴
729,touched,/touched/,v./n.,触动
730,talented,/talented/,adj.,有才华的
731,interact,/interact/,v./n.,互动
732,memory,/memory/,v./n.,记忆
733,longing,/longing/,v./n.,憧憬
734,memorable,/memorable/,adj.,难忘的
735,ancient,/ancient/,adj.,古老的
736,romance,/romance/,n.,浪漫
737,chapter,/chapter/,v./n.,篇章
738,club,/club/,v./n.,社团
739,activity,/activity/,n.,活动
740,member,/member/,v./n.,成员
741,voice,/voice/,v./n.,声音
742,frequent,/frequent/,v./n.,频繁
743,theory,/theory/,v./n.,理论
744,practice,/practice/,v./n.,实践
745,technique,/technique/,v./n.,技术
746,responsible,/responsible/,adj.,负责任的
747,perception,/perception/,n.,感知
748,feel,/feel/,v./n.,感受
749,discuss,/discuss/,v./n.,讨论
750,comment,/comment/,n.,评论
751,active,/active/,adj.,积极的
752,organization,/organization/,n.,组织
753,community,/community/,n.,团体
754,interest,/interest/,v./n.,兴趣
755,bond,/bond/,v./n.,纽带
756,stage,/stage/,v./n.,舞台
757,characteristic,/characteristic/,v./n.,特点
758,level,/level/,v./n.,水平
759,valuable,/valuable/,adj.,有价值的
760,theme,/theme/,v./n.,主题
761,enthusiasm,/enthusiasm/,v./n.,热情
762,organizer,/organizer/,v./n.,组织者
763,equipment,/equipment/,n.,设备
764,beauty,/beauty/,v./n.,美
765,creativity,/creativity/,n.,创造力
766,wander,/wander/,v./n.,漫步
767,pattern,/pattern/,v./n.,图案
768,song,/song/,v./n.,歌声
769,artistic,/artistic/,adj.,艺术的
770,sensibility,/sensibility/,n.,感悟
771,focus,/focus/,v./n.,聚焦
772,scene,/scene/,v./n.,场景
773,satisfaction,/satisfaction/,n.,满足
774,expose,/expose/,v./n.,曝光
775,happen,/happen/,v./n.,碰巧
776,think,/think/,v./n.,思考
777,understand,/understand/,v./n.,理解
778,connection,/connection/,n.,联系
779,merit,/merit/,v./n.,优点
780,shadow,/shadow/,v./n.,阴影
781,hope,/hope/,v./n.,希望
782,combine,/combine/,v./n.,结合
783,satisfy,/satisfy/,v./n.,满意
784,solidarity,/solidarity/,n.,团结
785,concern,/concern/,v./n.,关心
786,communication,/communication/,n.,沟通
787,quiet,/quiet/,v./n.,宁静
788,sway,/sway/,v./n.,摇曳
789,sweet,/sweet/,v./n.,甜蜜
790,beautiful,/beautiful/,adj.,美好的
791,milestone,/milestone/,v./n.,里程碑
792,chat,/chat/,v./n.,聊天
793,action,/action/,n.,行动
794,happy,/happy/,v./n.,开心
795,mood,/mood/,v./n.,情绪
796,fragrant,/fragrant/,v./n.,香味
797,agree,/agree/,v./n.,同意
798,happiness,/happiness/,n.,幸福
799,precious,/precious/,adj.,珍贵的
800,youth,/youth/,v./n.,青春
801,innocent,/innocent/,adj.,纯真的
802,approach,/approach/,v./n.,靠近
803,pure,/pure/,adj.,纯粹的
804,tender,/tender/,adj.,温柔的
805,weekend,/weekend/,v./n.,周末
806,exhaust,/exhaust/,v./n.,疲惫
807,urge,/urge/,v./n.,催促
808,blind,/blind/,v./n.,相亲
809,feeling,/feeling/,v./n.,感受
810,preference,/preference/,n.,偏好
811,disappoint,/disappoint/,v./n.,失望
812,compatibility,/compatibility/,n.,兼容性
813,narcissistic,/narcissistic/,adj.,自恋的
814,boast,/boast/,v./n.,炫耀
815,status,/status/,v./n.,地位
816,vanity,/vanity/,n.,虚荣
817,express,/express/,v./n.,表达
818,arrogance,/arrogance/,n.,傲慢
819,character,/character/,v./n.,品格
820,perfunctory,/perfunctory/,v./n.,敷衍
821,suffocate,/suffocate/,v.,窒息
822,discomfort,/discomfort/,v./n.,不适
823,excuse,/excuse/,v./n.,借口
824,relief,/relief/,v./n.,解脱
825,cafe,/cafe/,v./n.,咖啡店
826,ambiance,/ambiance/,n.,氛围
827,exterior,/exterior/,v./n.,外观
828,attract,/attract/,v./n.,吸引
829,wooden,/wooden/,adj.,木制的
830,aroma,/aroma/,v./n.,香气
831,bake,/bake/,v./n.,烘焙
832,comfort,/comfort/,v./n.,舒适
833,decorate,/decorate/,v.,装饰
834,abstract,/abstract/,adj.,抽象的
835,green,/green/,v./n.,绿色
836,vitality,/vitality/,n.,生机
837,jazz,/jazz/,v./n.,爵士乐
838,converse,/converse/,v./n.,交谈
839,exquisite,/exquisite/,v./n.,精致
840,illuminate,/illuminate/,v.,照明
841,cozy,/cozy/,v./n.,温馨
842,belong,/belong/,v./n.,归属感
843,candle,/candle/,v./n.,蜡烛
844,flicker,/flicker/,v./n.,闪烁
845,romantic,/romantic/,v./n.,浪漫
846,latte,/latte/,v./n.,拿铁
847,tranquility,/tranquility/,n.,平静
848,spacious,/spacious/,adj.,宽敞
849,cushion,/cushion/,v./n.,靠垫
850,peace,/peace/,v./n.,宁静
851,pedestrian,/pedestrian/,v./n.,行人
852,steam,/steam/,v./n.,热气
853,mellow,/mellow/,v./n.,醇厚
854,concise,/concise/,v./n.,简洁
855,casual,/casual/,adj.,休闲
856,sophisticated,/sophisticated/,adj.,成熟的
857,feature,/feature/,v./n.,特征
858,reveal,/reveal/,adj.,流露
859,temperament,/temperament/,n.,气质
860,philosophy,/philosophy/,v./n.,哲学
861,simple,/simple/,v./n.,简约
862,intellect,/intellect/,v./n.,智力
863,posture,/posture/,v./n.,姿态
864,graceful,/graceful/,adj.,优雅
865,flip,/flip/,v./n.,翻动
866,movement,/movement/,n.,动作
867,attraction,/attraction/,n.,吸引力
868,concentrate,/concentrate/,v.,集中
869,strange,/strange/,v./n.,陌生
870,distant,/distant/,adj.,遥远的
871,resonance,/resonance/,n.,共鸣
872,cast,/cast/,v./n.,投射
873,accident,/accident/,v./n.,意外
874,generous,/generous/,adj.,慷慨的
875,reaction,/reaction/,n.,反应
876,tolerance,/tolerance/,n.,宽容
877,chemistry,/chemistry/,v./n.,默契
878,clean,/clean/,v./n.,清理
879,topic,/topic/,v./n.,话题
880,classic,/classic/,v./n.,经典
881,poetry,/poetry/,v./n.,诗歌
882,spare,/spare/,v./n.,业余
883,conversation,/conversation/,n.,对话
884,worth,/worth/,v./n.,价值
885,depth,/depth/,v./n.,深度
886,convey,/convey/,v./n.,传达
887,acquaint,/acquaint/,v./n.,相识
888,viewpoint,/viewpoint/,v./n.,观点
889,coincidence,/coincidence/,n.,巧合
890,warmth,/warmth/,v./n.,温暖
891,pass,/pass/,v./n.,流逝
892,sky,/sky/,v./n.,天空
893,sound,/sound/,v./n.,声音
894,genuine,/genuine/,adj.,真诚的
895,confidant,/confidant/,v./n.,知己
896,soul,/soul/,v./n.,灵魂
897,interior,/interior/,v./n.,内部
898,freedom,/freedom/,v./n.,自由
899,possibility,/possibility/,n.,可能性
900,turning,/turning/,v./n.,转折点
901,embrace,/embrace/,v./n.,拥抱
902,glance,/glance/,n.,扫视
903,fly,/fly/,adv.,飞逝
904,distance,/distance/,n.,距离
905,contemplate,/contemplate/,v.,深思
906,impulse,/impulse/,v./n.,冲动
907,visualize,/visualize/,v.,想象
908,internal,/internal/,adj.,内心
909,hesitation,/hesitation/,n.,犹豫
910,suppress,/suppress/,v./n.,抑制
911,meticulous,/meticulous/,adj.,细致
912,preparation,/preparation/,n.,准备
913,invite,/invite/,v./n.,邀请
914,pleasant,/pleasant/,adj.,愉快的
915,affection,/affection/,n.,喜爱
916,adoration,/adoration/,n.,爱慕
917,chance,/chance/,n.,机会
918,repeat,/repeat/,v./n.,重复
919,agitation,/agitation/,n.,激动
920,peaceful,/peaceful/,adj.,宁静
921,delay,/delay/,v./n.,拖延
922,nervousness,/nervousness/,n.,紧张
923,misunderstanding,/misunderstanding/,v./n.,误解
924,tenderness,/tenderness/,n.,温柔
925,desire,/desire/,v./n.,渴望
926,devotion,/devotion/,n.,深情
927,firm,/firm/,adj.,坚定的
928,adore,/adore/,v./n.,爱意
929,determination,/determination/,n.,决心
930,promise,/promise/,v./n.,承诺
931,protect,/protect/,v./n.,保护
932,confess,/confess/,v./n.,表白
933,prove,/prove/,v./n.,证明
934,vanish,/vanish/,v./n.,消失
935,touch,/touch/,v./n.,感动
936,meaningful,/meaningful/,adj.,有意义的
937,love,/love/,v./n.,爱情
938,meaning,/meaning/,v./n.,意义
939,joy,/joy/,v./n.,喜悦
940,ecstasy,/ecstasy/,v./n.,狂喜
941,reliance,/reliance/,n.,依靠
942,explore,/explore/,v./n.,探索
943,beginning,/beginning/,v./n.,开始
944,nature,/nature/,v./n.,本质
945,lifetime,/lifetime/,v./n.,一生
946,bliss,/bliss/,v./n.,幸福
947,future,/future/,v./n.,未来
948,luxurious,/luxurious/,adj.,奢华的
949,trample,/trample/,v./n.,践踏
950,scheme,/scheme/,v./n.,策划
951,cruelty,/cruelty/,v./n.,残酷
952,splendid,/splendid/,v./n.,辉煌
953,conspiracy,/conspiracy/,v./n.,阴谋
954,disguise,/disguise/,v./n.,伪装
955,burning,/burning/,v./n.,燃烧
956,corner,/corner/,v./n.,角落
957,lurk,/lurk/,v./n.,潜伏
958,always,/always/,v./n.,总是
959,fall,/fall/,v./n.,跌落
960,careful,/careful/,adj.,小心
961,patient,/patient/,v./n.,耐心
962,weakness,/weakness/,n.,弱点
963,flash,/flash/,v./n.,闪过
964,favor,/favor/,v./n.,恩宠
965,secret,/secret/,v./n.,秘诀
966,immediately,/immediately/,adv.,立刻
967,signal,/signal/,adj.,信号
968,lower,/lower/,v./n.,低下
969,respectful,/respectful/,adj.,恭敬
970,endurance,/endurance/,n.,隐忍
971,flatter,/flatter/,v./n.,谬赞
972,lucky,/lucky/,v./n.,幸运
973,reply,/reply/,adv.,回答
974,question,/question/,n.,质问
975,trap,/trap/,v./n.,陷阱
976,arouse,/arouse/,v./n.,引起
977,ignorant,/ignorant/,v./n.,无知
978,detect,/detect/,v./n.,察觉
979,murmur,/murmur/,v./n.,低语
980,shocked,/shocked/,v./n.,震惊
981,composed,/composed/,v./n.,镇定
982,smart,/smart/,v./n.,聪明
983,transfer,/transfer/,v./n.,转移
984,remind,/remind/,v./n.,提醒
985,affinity,/affinity/,n.,缘分
986,finally,/finally/,adv.,终于
987,relieved,/relieved/,v./n.,释然
988,safely,/safely/,adv.,安全
989,layout,/layout/,v./n.,布局
990,remove,/remove/,v./n.,除掉
991,glory,/glory/,v./n.,荣耀
992,rush,/rush/,v./n.,急躁
993,ally,/ally/,adv.,盟友
994,vulnerability,/vulnerability/,n.,弱点
995,exploit,/exploit/,v./n.,利用
996,strategically,/strategically/,adv.,策略性地
997,friendly,/friendly/,adv.,友好
998,submissive,/submissive/,adj.,顺从
999,subtle,/subtle/,v./n.,微妙
1000,record,/record/,v./n.,记录
1001,use,/use/,v./n.,使用
1002,time,/time/,v./n.,时间
1003,stabilize,/stabilize/,v.,稳固
1004,traitor,/traitor/,v./n.,叛徒
1005,pay,/pay/,v./n.,付出
1006,criminal,/criminal/,adj.,犯罪
1007,improper,/improper/,v./n.,不当
1008,embezzlement,/embezzlement/,n.,贪污
1009,appropriate,/appropriate/,v.,合适
1010,punish,/punish/,v./n.,惩罚
1011,degrade,/degrade/,v./n.,降级
1012,confine,/confine/,v./n.,禁足
1013,victory,/victory/,v./n.,胜利
1014,eliminate,/eliminate/,v.,清除
1015,spend,/spend/,v./n.,花费
1016,hasty,/hasty/,v./n.,仓促
1017,successful,/successful/,adj.,成功
1018,proud,/proud/,v./n.,自豪
1019,calmly,/calmly/,adv.,平静地
1020,mark,/mark/,v./n.,标记
1021,maintain,/maintain/,v./n.,维持
1022,continue,/continue/,v./n.,继续
1023,rule,/rule/,v./n.,治理
1024,reduce,/reduce/,v./n.,减少
1025,prosper,/prosper/,v./n.,繁荣
1026,legend,/legend/,v./n.,传奇
1027,firmly,/firmly/,adv.,坚定地
1028,applaud,/applaud/,v./n.,响起掌声
1029,stare,/stare/,v./n.,注视
1030,dominant,/dominant/,v./n.,霸主
1031,marriage,/marriage/,v./n.,婚姻
1032,bitter,/bitter/,v./n.,苦涩
1033,cold,/cold/,v./n.,冰冷
1034,mock,/mock/,v./n.,嘲笑
1035,guilt,/guilt/,v./n.,愧疚
1036,retrieve,/retrieve/,v./n.,找回
1037,stubborn,/stubborn/,v./n.,固执
1038,tearful,/tearful/,adj.,含泪
1039,painful,/painful/,adj.,痛苦
1040,torture,/torture/,v./n.,折磨
1041,endure,/endure/,v./n.,忍受
1042,selfish,/selfish/,v./n.,自私
1043,inevitable,/inevitable/,adj.,理所当然
1044,break,/break/,v./n.,破碎
1045,despair,/despair/,v./n.,绝望
1046,never,/never/,v./n.,从不
1047,panicked,/panicked/,v./n.,恐慌
1048,forgive,/forgive/,adj.,原谅
1049,knock,/knock/,v./n.,敲
1050,verdict,/verdict/,v./n.,裁决
1051,surprised,/surprised/,v./n.,惊讶
1052,pale,/pale/,v./n.,苍白
1053,tired,/tired/,v./n.,疲惫
1054,ask,/ask/,v./n.,问
1055,bridge,/bridge/,v./n.,跨越
1056,gap,/gap/,v./n.,鸿沟
1057,honest,/honest/,v./n.,诚实地
1058,mistake,/mistake/,v./n.,错误
1059,undo,/undo/,v./n.,撤销
1060,plead,/plead/,v./n.,恳求
1061,consider,/consider/,v./n.,考虑
1062,pride,/pride/,v./n.,骄傲
1063,slowly,/slowly/,adv.,慢慢
1064,dissolve,/dissolve/,v./n.,融化
1065,harden,/harden/,v./n.,坚冰
1066,improve,/improve/,v./n.,改进
1067,listen,/listen/,v./n.,倾听
1068,equality,/equality/,n.,平等
1069,oath,/oath/,v./n.,誓言
1070,red,/red/,v./n.,泛红
1071,bitterness,/bitterness/,n.,委屈
1072,moved,/moved/,v./n.,感动
1073,return,/return/,v./n.,回来
1074,bloom,/bloom/,v./n.,绽放
1075,choice,/choice/,v./n.,选择
1076,tense,/tense/,v./n.,紧张
1077,compete,/compete/,v./n.,竞争
1078,conflict,/conflict/,v./n.,冲突
1079,replace,/replace/,v./n.,取代
1080,rehearse,/rehearse/,v./n.,排练
1081,flawless,/flawless/,adj.,完美
1082,solemn,/solemn/,v./n.,庄重
1083,invisible,/invisible/,v./n.,无形
1084,unexpected,/unexpected/,v./n.,意外
1085,risk,/risk/,v./n.,风险
1086,slight,/slight/,v./n.,略微
1087,approval,/approval/,adj.,认可
1088,excited,/excited/,v./n.,激动
1089,perfectly,/perfectly/,adv.,完美
1090,request,/request/,v./n.,请求
1091,voluntary,/voluntary/,v./n.,主动
1092,optimistic,/optimistic/,v./n.,乐观
1093,humbly,/humbly/,adv.,谦逊地
1094,help,/help/,v./n.,帮助
1095,cohesive,/cohesive/,adj.,团结
1096,strength,/strength/,v./n.,实力
1097,walk,/walk/,v./n.,漫步
1098,contradict,/contradict/,v./n.,矛盾
1099,straighten,/straighten/,v./n.,挺直
1100,shy,/shy/,v./n.,羞涩
1101,elegance,/elegance/,n.,优雅
1102,fear,/fear/,v./n.,恐惧
1103,wait,/wait/,v./n.,等待
1104,difficult,/difficult/,v./n.,困难
1105,ordinary,/ordinary/,v./n.,普通
1106,disappointed,/disappointed/,v./n.,失望
1107,depress,/depress/,v./n.,沮丧
1108,melt,/melt/,v./n.,融化
1109,hide,/hide/,v./n.,隐藏
1110,observation,/observation/,n.,观察
1111,hopeful,/hopeful/,adj.,充满希望
1112,hold,/hold/,v./n.,屏住
1113,soft,/soft/,v./n.,轻柔
1114,together,/together/,v./n.,在一起
1115,sign,/sign/,v./n.,签署
1116,clear,/clear/,v./n.,清晰
1117,strict,/strict/,v./n.,严格
1118,terminate,/terminate/,v.,终止
1119,tempting,/tempting/,v./n.,诱人
1120,manner,/manner/,v./n.,风度
1121,awkward,/awkward/,v./n.,尴尬
1122,brief,/brief/,v./n.,简短
1123,rationality,/rationality/,n.,理智
1124,boundary,/boundary/,v./n.,界限
1125,try,/try/,v./n.,尝试
1126,discover,/discover/,v./n.,发现
1127,danger,/danger/,v./n.,危险
1128,harass,/harass/,v./n.,骚扰
1129,hug,/hug/,v./n.,拥抱
1130,worry,/worry/,v./n.,担心
1131,blossom,/blossom/,v./n.,萌芽
1132,close,/close/,v./n.,靠近
1133,happily,/happily/,adv.,幸福地
1134,real,/real/,adj.,真实
1135,define,/define/,v./n.,定义
1136,mansion,/mansion/,n.,别墅
1137,heir,/heir/,v./n.,继承人
1138,vividly,/vividly/,adv.,清晰地
1139,conspire,/conspire/,v./n.,密谋
1140,due,/due/,adj.,应得的
1141,arduous,/arduous/,adj.,艰难
1142,meticulously,/meticulously/,adv.,细致地
1143,replay,/replay/,v./n.,重演
1144,innocently,/innocently/,adv.,天真地
1145,treacherous,/treacherous/,adj.,阴险的
1146,manipulate,/manipulate/,v.,操控
1147,fabricate,/fabricate/,v.,捏造
1148,deprive,/deprive/,adj.,剥夺
1149,hinder,/hinder/,v./n.,阻碍
1150,keenly,/keenly/,adv.,敏锐地
1151,identity,/identity/,n.,身份
1152,investor,/investor/,v./n.,投资人
1153,abundant,/abundant/,adj.,充足的
1154,impeccable,/impeccable/,adj.,无懈可击的
1155,negotiate,/negotiate/,v.,谈判
1156,alert,/alert/,v./n.,警惕
1157,extensive,/extensive/,adj.,广泛的
1158,worried,/worried/,v./n.,担忧
1159,ponder,/ponder/,v./n.,思索
1160,adopt,/adopt/,v./n.,采用
1161,systematically,/systematically/,adv.,系统地
1162,utilize,/utilize/,v.,利用
1163,substantial,/substantial/,adj.,可观的
1164,gala,/gala/,v./n.,晚会
1165,ostentatious,/ostentatious/,adj.,炫耀
1166,cruel,/cruel/,v./n.,残酷
1167,fraud,/fraud/,v./n.,欺诈
1168,bribe,/bribe/,v./n.,贿赂
1169,evade,/evade/,v./n.,逃避
1170,assemble,/assemble/,v./n.,收集
1171,suspicious,/suspicious/,adj.,可疑的
1172,prevail,/prevail/,v./n.,获胜
1173,perfect,/perfect/,v./n.,完美
1174,grand,/grand/,v./n.,盛大
1175,proudly,/proudly/,adv.,自豪地
1176,chaos,/chaos/,v./n.,混乱
1177,detain,/detain/,v./n.,拘留
1178,vindicate,/vindicate/,v.,洗清
1179,gratified,/gratified/,v./n.,欣慰
1180,assistance,/assistance/,n.,援助
1181,supervise,/supervise/,v./n.,监督
1182,sit,/sit/,v./n.,坐
1183,wedding,/wedding/,v./n.,婚礼
1184,terrible,/terrible/,v./n.,彻底
1185,announce,/announce/,v./n.,宣布
1186,humiliate,/humiliate/,v.,羞辱
1187,impulsive,/impulsive/,adj.,冲动
1188,confront,/confront/,v./n.,面对
1189,cut,/cut/,v./n.,切断
1190,thin,/thin/,v./n.,消瘦
1191,genuinely,/genuinely/,adv.,真正地
1192,taboo,/taboo/,v./n.,禁忌
1193,dismiss,/dismiss/,v./n.,解雇
1194,busy,/busy/,v./n.,忙碌
1195,blame,/blame/,v./n.,责备
1196,confused,/confused/,v./n.,困惑
1197,adventure,/adventure/,v./n.,冒险
1198,deep,/deep/,v./n.,深厚
1199,enemy,/enemy/,v./n.,冤家
1200,argue,/argue/,v./n.,争论
1201,refuse,/refuse/,v./n.,拒绝
1202,shake,/shake/,v./n.,摇头
1203,forced,/forced/,v./n.,被迫
1204,story,/story/,v./n.,故事
1205,testimony,/testimony/,v./n.,见证
1206,mystery,/mystery/,v./n.,神秘
1207,ultimate,/ultimate/,v.,最终
1208,remember,/remember/,v./n.,记住
1209,eternal,/eternal/,adj.,永恒
1210,battle,/battle/,v./n.,战役
1211,weight,/weight/,v./n.,重量
1212,conference,/conference/,n.,会议
1213,impressive,/impressive/,adj.,令人印象深刻的
1214,project,/project/,v./n.,项目
1215,powerful,/powerful/,adj.,强大的
1216,corporation,/corporation/,n.,企业
1217,confidently,/confidently/,adv.,自信地
1218,ready,/ready/,adj.,准备好的
1219,office,/office/,v./n.,办公室
1220,coffee,/coffee/,v./n.,咖啡
1221,midnight,/midnight/,v./n.,午夜
1222,secretary,/secretary/,v./n.,秘书
1223,gently,/gently/,adv.,温柔地
1224,disrupt,/disrupt/,v./n.,打乱
1225,quickly,/quickly/,adv.,迅速地
1226,company,/company/,v./n.,公司
1227,actively,/actively/,adv.,积极地
1228,problem,/problem/,v./n.,问题
1229,board,/board/,v./n.,董事会
1230,bravely,/bravely/,adv.,勇敢地
1231,betrayal,/betrayal/,adj.,背叛行为
1232,expel,/expel/,v./n.,开除
1233,reform,/reform/,v./n.,改革
1234,system,/system/,v./n.,系统
1235,hire,/hire/,v./n.,雇佣
1236,wonderful,/wonderful/,adj.,精彩
1237,night,/night/,v./n.,夜晚
1238,villa,/villa/,v./n.,别墅
1239,tycoon,/tycoon/,v./n.,巨头
1240,gift,/gift/,v./n.,礼物
1241,cook,/cook/,v./n.,烹饪
1242,delicious,/delicious/,adj.,美味的
1243,anniversary,/anniversary/,v./n.,纪念日
1244,element,/element/,n.,元素
1245,color,/color/,v./n.,气色
1246,snack,/snack/,v./n.,零食
1247,massage,/massage/,v./n.,按摩
1248,dessert,/dessert/,v./n.,甜点
1249,vacation,/vacation/,n.,假期
1250,resort,/resort/,v./n.,度假村
1251,dish,/dish/,v./n.,菜肴
1252,neat,/neat/,adj.,整洁的
1253,apron,/apron/,v./n.,围裙
1254,bag,/bag/,v./n.,包
1255,princess,/princess/,v./n.,公主
1256,disappear,/disappear/,v./n.,消失
1257,wine,/wine/,v./n.,红酒
1258,tear,/tear/,v./n.,流泪
1259,sunrise,/sunrise/,v./n.,日出
1260,sunset,/sunset/,v./n.,日落
1261,footprint,/footprint/,v./n.,脚印
1262,bright,/bright/,v./n.,明亮
1263,breakfast,/breakfast/,v./n.,早餐
1264,goodnight,/goodnight/,v./n.,晚安
1265,radiant,/radiant/,v./n.,容光焕发
1266,blessing,/blessing/,v./n.,祝福
1267,moonlight,/moonlight/,v./n.,月光
1268,pile,/pile/,v./n.,堆积
1269,threat,/threat/,v./n.,威胁
1270,secretly,/secretly/,adv.,秘密地
1271,careless,/careless/,adj.,粗心
1272,truth,/truth/,v./n.,真相
1273,email,/email/,v./n.,邮件
1274,log,/log/,v./n.,日志
1275,delete,/delete/,v./n.,删除
1276,photograph,/photograph/,v./n.,拍照
1277,message,/message/,v./n.,信息
1278,victim,/victim/,v./n.,受害者
1279,unity,/unity/,n.,团结
1280,former,/former/,adj.,以前的
1281,resentment,/resentment/,n.,怨恨
1282,smoothly,/smoothly/,adv.,顺利
1283,credit,/credit/,v./n.,功劳
1284,director,/director/,v./n.,主管
1285,illegal,/illegal/,adj.,非法
1286,accusation,/accusation/,n.,指控
1287,confrontation,/confrontation/,n.,对峙
1288,fire,/fire/,v./n.,开除
1289,spring,/spring/,v./n.,春天
1290,breeze,/breeze/,v./n.,微风
1291,read,/read/,v./n.,阅读
1292,freshman,/freshman/,v./n.,大一新生
1293,fragrance,/fragrance/,n.,芬芳
1294,enjoy,/enjoy/,v./n.,享受
1295,world,/world/,v./n.,世界
1296,notice,/notice/,v./n.,注意到
1297,heart,/heart/,v./n.,心
1298,quietly,/quietly/,adv.,悄悄地
1299,imagine,/imagine/,v./n.,想象
1300,greet,/greet/,v./n.,打招呼
1301,stuck,/stuck/,v./n.,卡住
1302,borrow,/borrow/,v./n.,借阅
1303,sophomore,/sophomore/,v./n.,大二学生
1304,writer,/writer/,v./n.,作家
1305,soulmate,/soulmate/,v.,知己
1306,life,/life/,v./n.,人生
1307,thought,/thought/,v./n.,想法
1308,slender,/slender/,v./n.,修长
1309,blush,/blush/,v./n.,脸红
1310,notebook,/notebook/,v./n.,笔记本
1311,propose,/propose/,v./n.,求婚
1312,forever,/forever/,v./n.,永远
1313,closet,/closet/,v./n.,衣柜
1314,heavy,/heavy/,v./n.,大
1315,wealthy,/wealthy/,v./n.,富有
1316,meet,/meet/,v./n.,相遇
1317,grandmother,/grandmother/,v./n.,祖母
1318,contract,/contract/,v./n.,契约
1319,allergic,/allergic/,v./n.,过敏
1320,unconsciously,/unconsciously/,adv.,无意识地
1321,miss,/miss/,v./n.,想念
1322,medicine,/medicine/,v./n.,药品
1323,emergency,/emergency/,v./n.,紧急
1324,dizzy,/dizzy/,v./n.,头晕
1325,festival,/festival/,adj.,节日
1326,star,/star/,v./n.,星星
1327,morning,/morning/,v./n.,清晨
1328,mission,/mission/,n.,使命
1329,case,/case/,v./n.,病例
1330,treat,/treat/,v./n.,治疗
1331,diagnose,/diagnose/,v./n.,诊断
1332,doctor,/doctor/,v./n.,医生
1333,dangerous,/dangerous/,adj.,危险
1334,persuade,/persuade/,v./n.,说服
1335,news,/news/,v./n.,消息
1336,fate,/fate/,v.,命运
1337,receive,/receive/,adj.,收到
1338,jealous,/jealous/,adj.,嫉妒
1339,deliberately,/deliberately/,adv.,故意
1340,stick,/stick/,v./n.,坚持
1341,boldly,/boldly/,adv.,大胆
1342,personally,/personally/,adv.,亲自
1343,politics,/politics/,v./n.,政治
1344,independent,/independent/,v./n.,独立
1345,inherit,/inherit/,v./n.,传承
1346,teach,/teach/,v./n.,教授
1347,fame,/fame/,v./n.,名声
1348,kingdom,/kingdom/,v./n.,王国
1349,generation,/generation/,n.,一代
1350,faith,/faith/,v./n.,信念
1351,shine,/shine/,v./n.,闪耀
1352,save,/save/,v./n.,拯救
1353,healthy,/healthy/,v./n.,健康
1354,president,/president/,v./n.,总裁
1355,watch,/watch/,v./n.,注视
1356,sincerity,/sincerity/,n.,真诚
1357,choose,/choose/,v./n.,选择
1358,declare,/declare/,v./n.,宣告
1359,statement,/statement/,n.,言论
1360,angry,/angry/,v./n.,愤怒
1361,press,/press/,v./n.,新闻
1362,camera,/camera/,v./n.,镜头
1363,tell,/tell/,v./n.,告诉
1364,destroy,/destroy/,v./n.,粉碎
1365,tears,/tears/,v./n.,泪水
1366,applause,/applause/,v./n.,掌声
1367,take,/take/,v./n.,带
1368,travel,/travel/,v./n.,旅行
1369,open,/open/,v./n.,打开
1370,swear,/swear/,v./n.,发誓
1371,evening,/evening/,v./n.,傍晚
1372,competition,/competition/,n.,竞争
1373,fight,/fight/,v./n.,斗志
1374,image,/image/,v./n.,形象
1375,desk,/desk/,v./n.,桌面
1376,quick,/quick/,v./n.,迅速
1377,training,/training/,v./n.,培训
1378,autumn,/autumn/,v./n.,秋天
1379,rival,/rival/,adj.,情敌
1380,expensive,/expensive/,adj.,昂贵
1381,fact,/fact/,v./n.,事实
1382,frustrated,/frustrated/,v./n.,沮丧
1383,allowance,/allowance/,n.,零花钱
1384,literature,/literature/,v./n.,文学
1385,need,/need/,v./n.,需求
1386,handwritten,/handwritten/,v./n.,手写
1387,accidentally,/accidentally/,adv.,意外
1388,afternoon,/afternoon/,v./n.,下午
1389,agreement,/agreement/,n.,协议
1390,give,/give/,adj.,给
1391,businessman,/businessman/,v./n.,商人
1392,silent,/silent/,v./n.,沉默
1393,different,/different/,v./n.,不同
1394,rainy,/rainy/,v./n.,下雨
1395,sick,/sick/,v./n.,生病
1396,dinner,/dinner/,v./n.,晚餐
1397,safe,/safe/,v./n.,安全
1398,master,/master/,v./n.,主人
1399,nightmare,/nightmare/,v./n.,噩梦
1400,sweat,/sweat/,v./n.,汗水
1401,silk,/silk/,v./n.,丝绸
1402,consecutive,/consecutive/,adj.,连续
1403,trusted,/trusted/,v./n.,信任
1404,flood,/flood/,v./n.,洪水
1405,carpet,/carpet/,v./n.,地毯
1406,mirror,/mirror/,v./n.,镜子
1407,young,/young/,v./n.,年轻
1408,flame,/flame/,v./n.,火焰
1409,clench,/clench/,v./n.,紧握
1410,fist,/fist/,v./n.,拳头
1411,vow,/vow/,v./n.,发誓
1412,daughter,/daughter/,v./n.,女儿
1413,kind,/kind/,v./n.,善良
1414,stepmother,/stepmother/,v./n.,继母
1415,deceive,/deceive/,adj.,欺骗
1416,stormy,/stormy/,v./n.,暴风雨
1417,elegantly,/elegantly/,adv.,优雅
1418,fake,/fake/,v./n.,假意
1419,coldly,/coldly/,adv.,冷冷
1420,hypocritical,/hypocritical/,adj.,虚伪
1421,mask,/mask/,v./n.,伪装
1422,evil,/evil/,v./n.,邪恶
1423,TRUE,/true/,v./n.,真实
1424,charity,/charity/,n.,慈善
1425,district,/district/,v./n.,区域
1426,genius,/genius/,v./n.,天才
1427,investment,/investment/,n.,投资
1428,fund,/fund/,v./n.,资金
1429,modest,/modest/,v./n.,朴素
1430,direct,/direct/,v./n.,直接
1431,provide,/provide/,v./n.,提供
1432,noble,/noble/,v./n.,高贵
1433,wear,/wear/,v./n.,穿着
1434,purple,/purple/,v./n.,紫色
1435,gown,/gown/,v./n.,礼服
1436,enter,/enter/,v./n.,进入
1437,ballroom,/ballroom/,v./n.,舞厅
1438,appearance,/appearance/,n.,出现
1439,disgust,/disgust/,v./n.,厌恶
1440,crowd,/crowd/,v./n.,人群
1441,barely,/barely/,adv.,几乎不
1442,clever,/clever/,v./n.,聪明
1443,crime,/crime/,v./n.,犯罪
1444,embezzle,/embezzle/,v./n.,挪用
1445,material,/material/,adj.,材料
1446,weapon,/weapon/,v./n.,武器
1447,weak,/weak/,v./n.,软弱
1448,courageous,/courageous/,adj.,有勇气
1449,woman,/woman/,v./n.,女性
1450,shareholder,/shareholder/,v./n.,股东
1451,proof,/proof/,v./n.,证明
1452,face,/face/,v./n.,脸
1453,decide,/decide/,v./n.,决定
1454,countless,/countless/,adj.,无数
1455,eventually,/eventually/,adv.,最终
1456,ash,/ash/,v./n.,灰烬
1457,early,/early/,adv.,清晨
1458,disturb,/disturb/,v./n.,打扰
1459,kitchen,/kitchen/,v./n.,厨房
1460,refrigerator,/refrigerator/,v./n.,冰箱
1461,egg,/egg/,v./n.,鸡蛋
1462,milk,/milk/,v./n.,牛奶
1463,bread,/bread/,v./n.,面包
1464,habit,/habit/,v./n.,习惯
1465,pajamas,/pajamas/,v./n.,睡衣
1466,messy,/messy/,v./n.,凌乱
1467,sleepy,/sleepy/,v./n.,困倦
1468,tenderly,/tenderly/,adv.,温柔
1469,lazily,/lazily/,adv.,懒懒
1470,dining,/dining/,v./n.,餐桌
1471,luck,/luck/,v./n.,幸运
1472,guilty,/guilty/,v./n.,内疚
1473,successor,/successor/,v./n.,继承者
1474,designer,/designer/,v./n.,设计师
1475,breakdown,/breakdown/,v./n.,抛锚
1476,tow,/tow/,v./n.,拖车
1477,decisive,/decisive/,adj.,果断
1478,considerate,/considerate/,v.,体贴
1479,movie,/movie/,v./n.,电影
1480,spoil,/spoil/,v./n.,宠坏
1481,finish,/finish/,v./n.,结束
1482,studio,/studio/,v./n.,工作室
1483,tire,/tire/,v./n.,疲惫
1484,playful,/playful/,adj.,顽皮
1485,suitcase,/suitcase/,v./n.,行李箱
1486,beach,/beach/,v./n.,海滩
1487,apply,/apply/,adv.,申请
1488,hotel,/hotel/,v./n.,酒店
1489,seabreeze,/seabreeze/,v./n.,海风
1490,wave,/wave/,v./n.,海浪
1491,shore,/shore/,v./n.,岸边
1492,diamond,/diamond/,v./n.,钻石
1493,necklace,/necklace/,v./n.,项链
1494,fortune,/fortune/,v./n.,幸运
1495,restaurant,/restaurant/,v./n.,餐厅
1496,candlelight,/candlelight/,v./n.,烛光
1497,champagne,/champagne/,v./n.,香槟
1498,rose,/rose/,v./n.,玫瑰
1499,bedroom,/bedroom/,v./n.,卧室
1500,lunch,/lunch/,v./n.,午餐
1501,envy,/envy/,v./n.,羡慕
1502,demand,/demand/,v./n.,要求
1503,first,/first/,v./n.,第一个
1504,child,/child/,v./n.,孩子
1505,lovely,/lovely/,adv.,可爱
1506,baby,/baby/,v./n.,婴儿
1507,family,/family/,adv.,家庭
1508,Monday,/Monday/,v./n.,周一
1509,rookie,/rookie/,v./n.,新人
1510,job,/job/,v./n.,工作
1511,leading,/leading/,v./n.,领先
1512,start,/start/,v./n.,开始
1513,folder,/folder/,v./n.,文件夹
1514,keyboard,/keyboard/,v./n.,键盘
1515,phone,/phone/,v./n.,电话
1516,ring,/ring/,v./n.,铃声
1517,mix,/mix/,v./n.,交织
1518,marketing,/marketing/,v./n.,市场
1519,supervisor,/supervisor/,v./n.,主管
1520,excite,/excite/,v./n.,激动
1521,complain,/complain/,v./n.,抱怨
1522,note,/note/,v./n.,笔记
1523,client,/client/,v./n.,客户
1524,meeting,/meeting/,v./n.,会议
1525,confirm,/confirm/,v./n.,确认
1526,check,/check/,v./n.,检查
1527,session,/session/,n.,环节
1528,doubt,/doubt/,v./n.,质疑
1529,data,/data/,v./n.,数据
1530,perform,/perform/,v./n.,表现
1531,preview,/preview/,v./n.,预习
1532,area,/area/,v./n.,领域
1533,hardworking,/hardworking/,v./n.,勤奋
1534,gladly,/gladly/,adv.,欣然
1535,specialist,/specialist/,v./n.,专员
1536,short,/short/,v./n.,短
1537,represent,/represent/,v./n.,代表
1538,international,/international/,adj.,国际
1539,language,/language/,v./n.,语言
1540,model,/model/,v./n.,榜样
1541,accumulation,/accumulation/,n.,积累
1542,cherry,/cherry/,v./n.,樱花
1543,bench,/bench/,v./n.,长椅
1544,novel,/novel/,v./n.,小说
1545,playground,/playground/,v./n.,操场
1546,laughter,/laughter/,v./n.,笑声
1547,write,/write/,v./n.,写作
1548,major,/major/,v./n.,专业
1549,library,/library/,v./n.,图书馆
1550,view,/view/,v./n.,视野
1551,girl,/girl/,v./n.,女孩
1552,dress,/dress/,v./n.,连衣裙
1553,art,/art/,v./n.,艺术
1554,draw,/draw/,v./n.,画画
1555,sketchbook,/sketchbook/,v./n.,速写本
1556,sketch,/sketch/,v./n.,素描
1557,book,/book/,v./n.,书籍
1558,shelf,/shelf/,v./n.,书架
1559,speak,/speak/,v./n.,开口
1560,author,/author/,v./n.,作家
1561,same,/same/,v./n.,同样
1562,painter,/painter/,v./n.,画家
1563,poem,/poem/,v./n.,诗歌
1564,moon,/moon/,v./n.,月亮
1565,girlfriend,/girlfriend/,v./n.,女朋友
1566,couple,/couple/,v./n.,情侣
1567,pair,/pair/,v./n.,一对
1568,portrait,/portrait/,v./n.,肖像
1569,speech,/speech/,v./n.,发言
1570,gallery,/gallery/,v./n.,画廊
1571,exhibition,/exhibition/,n.,展览
1572,bachelor,/bachelor/,v./n.,学士
1573,summer,/summer/,v./n.,夏天
1574,mountain,/mountain/,v./n.,山
1575,fiction,/fiction/,n.,小说
1576,land,/land/,v./n.,土地
1577,lawyer,/lawyer/,v./n.,律师
1578,pen,/pen/,v./n.,笔
1579,role,/role/,v./n.,角色
1580,water,/water/,v./n.,浇
1581,tree,/tree/,v./n.,树
1582,inform,/inform/,v./n.,通知
1583,sofa,/sofa/,v./n.,沙发
1584,examine,/examine/,v./n.,检查
1585,nutrition,/nutrition/,n.,营养
1586,servant,/servant/,v./n.,仆人
1587,flower,/flower/,v./n.,花
1588,piano,/piano/,v./n.,钢琴
1589,party,/party/,v./n.,派对
1590,guest,/guest/,v./n.,客人
1591,tease,/tease/,v./n.,调侃
1592,judge,/judge/,v./n.,评判
1593,limit,/limit/,v./n.,限制
1594,temperature,/temperature/,v./n.,体温
1595,porridge,/porridge/,v./n.,粥
1596,move,/move/,v./n.,感动
1597,require,/require/,v./n.,要求
1598,chamber,/chamber/,v./n.,寝宫
1599,original,/original/,adj.,原先
1600,intelligent,/intelligent/,v./n.,聪明
1601,female,/female/,v./n.,女性
1602,battlefield,/battlefield/,v./n.,战场
1603,defeat,/defeat/,v./n.,失败
1604,increasingly,/increasingly/,adv.,日益
1605,honor,/honor/,v./n.,荣耀
1606,spy,/spy/,v./n.,间谍
1607,predicament,/predicament/,n.,困境
1608,survival,/survival/,adj.,生存
1609,intricate,/intricate/,v.,错综复杂
1610,butler,/butler/,v./n.,管家
1611,loyal,/loyal/,adj.,忠诚
1612,scarce,/scarce/,v./n.,匮乏
1613,immediate,/immediate/,v.,立即
1614,await,/await/,v./n.,等待
1615,legendary,/legendary/,v./n.,传奇
1616,weary,/weary/,v./n.,疲惫
1617,inquiry,/inquiry/,v./n.,询问
1618,conscience,/conscience/,n.,良知
1619,straightforward,/straightforward/,v./n.,坦诚
1620,accounting,/accounting/,v./n.,账目
1621,account,/account/,v./n.,账目
1622,usurp,/usurp/,v./n.,篡夺
1623,frame,/frame/,v./n.,陷害
1624,rebellion,/rebellion/,v./n.,谋反
1625,mysterious,/mysterious/,adj.,神秘
1626,accuse,/accuse/,v./n.,指控
1627,tighten,/tighten/,v./n.,紧锁
1628,suggest,/suggest/,v./n.,建议
1629,proposal,/proposal/,adj.,提议
1630,rough,/rough/,v./n.,粗略
1631,believe,/believe/,v./n.,相信
1632,collude,/collude/,v./n.,勾结
1633,grave,/grave/,v./n.,严重
1634,court,/court/,v./n.,朝堂
1635,completely,/completely/,adv.,完全
1636,fury,/fury/,v./n.,震怒
1637,frontier,/frontier/,v./n.,边疆
1638,comprehend,/comprehend/,v./n.,明白
1639,wife,/wife/,v./n.,妻子
1640,alliance,/alliance/,n.,联盟
1641,formidable,/formidable/,adj.,令人敬畏
1642,force,/force/,v./n.,力量
1643,demise,/demise/,v./n.,驾崩
1644,empress,/empress/,v./n.,皇后
1645,prosperity,/prosperity/,n.,繁荣
1646,freeze,/freeze/,v./n.,僵住
1647,chapel,/chapel/,v./n.,教堂
1648,passionate,/passionate/,v.,热情
1649,eve,/eve/,v./n.,前夕
1650,mind,/mind/,v./n.,主意
1651,restart,/restart/,v./n.,重新开始
1652,quit,/quit/,v./n.,辞去
1653,apartment,/apartment/,n.,公寓
1654,Paris,/Paris/,v./n.,巴黎
1655,flight,/flight/,v./n.,航班
1656,fashion,/fashion/,v./n.,时尚
1657,founder,/founder/,v./n.,创立
1658,magazine,/magazine/,v./n.,杂志
1659,severe,/severe/,v./n.,严重
1660,depart,/depart/,v./n.,离开
1661,frantic,/frantic/,v./n.,疯狂
1662,search,/search/,v./n.,寻找
1663,dispatch,/dispatch/,v./n.,派人
1664,whereabouts,/whereabouts/,v./n.,去向
1665,city,/city/,n.,城市
1666,trace,/trace/,v./n.,踪迹
1667,fading,/fading/,v./n.,褪去
1668,deeply,/deeply/,adv.,深深地
1669,strike,/strike/,v./n.,击中
1670,assistant,/assistant/,v./n.,助理
1671,official,/official/,adj.,公务
1672,long,/long/,v./n.,漫长
1673,pursuit,/pursuit/,v./n.,追妻之旅
1674,hate,/hate/,v.,恨
1675,source,/source/,v./n.,源泉
1676,month,/month/,v./n.,一个月
1677,raise,/raise/,v./n.,抬起
1678,instant,/instant/,v./n.,瞬间
1679,coldness,/coldness/,n.,冷漠
1680,sneer,/sneer/,v./n.,冷笑
1681,entire,/entire/,v./n.,全城
1682,laughingstock,/laughingstock/,v./n.,笑柄
1683,trouble,/trouble/,v./n.,麻烦
1684,timely,/timely/,adv.,及时
1685,surface,/surface/,v./n.,表面
1686,waver,/waver/,v./n.,动摇
1687,existence,/existence/,n.,存在
1688,gangster,/gangster/,v./n.,流氓
1689,wet,/wet/,v./n.,淋湿
1690,soften,/soften/,v./n.,软化
1691,computer,/computer/,v./n.,电脑
1692,furrow,/furrow/,v./n.,紧锁
1693,expansion,/expansion/,n.,扩张
1694,conglomerate,/conglomerate/,v.,企业集团
1695,field,/field/,v./n.,领域
1696,promotion,/promotion/,n.,晋升
1697,intrigue,/intrigue/,v./n.,密谋
1698,center,/center/,v./n.,中心
1699,sabotage,/sabotage/,v./n.,破坏
1700,vice,/vice/,v./n.,副总
1701,days,/days/,v./n.,日子
1702,plagiarize,/plagiarize/,v.,抄袭
1703,tamper,/tamper/,v./n.,篡改
1704,channel,/channel/,v./n.,渠道
1705,culprit,/culprit/,v./n.,罪魁祸首
1706,convene,/convene/,v./n.,召开
1707,management,/management/,n.,管理能力
1708,defect,/defect/,v./n.,缺陷
1709,stern,/stern/,v./n.,严厉
1710,stumble,/stumble/,v./n.,结巴
1711,forge,/forge/,v./n.,伪造
1712,anonymous,/anonymous/,adj.,匿名
1713,defend,/defend/,v./n.,辩解
1714,smooth,/smooth/,v./n.,顺利
1715,predator,/predator/,v./n.,掠夺者
1716,provoke,/provoke/,v./n.,挑衅
1717,cooperative,/cooperative/,adj.,合作
1718,passive,/passive/,adj.,被动
1719,transparency,/transparency/,v./n.,透明
1720,year,/year/,v./n.,一年
1721,history,/history/,v./n.,历史
1722,shatter,/shatter/,v./n.,粉碎
1723,intimate,/intimate/,v.,亲密
1724,lean,/lean/,v./n.,靠
1725,shoulder,/shoulder/,v./n.,肩
1726,wipe,/wipe/,v./n.,擦去
1727,crumble,/crumble/,v./n.,崩溃
1728,explanation,/explanation/,n.,解释
1729,turn,/turn/,v./n.,转身
1730,accomplished,/accomplished/,v./n.,成功
1731,telephone,/telephone/,v./n.,电话
1732,alma,/alma/,v./n.,母校
1733,renovation,/renovation/,n.,翻新
1734,past,/past/,adj.,往日的
1735,tide,/tide/,v./n.,潮水
1736,surge,/surge/,v./n.,涌来
1737,hall,/hall/,v./n.,礼堂
1738,distinguished,/distinguished/,v./n.,杰出
1739,alumni,/alumni/,v./n.,校友
1740,renowned,/renowned/,v./n.,知名
1741,architect,/architect/,v./n.,建筑师
1742,construction,/construction/,n.,施工
1743,mean,/mean/,v./n.,意味着
1744,one,/one/,v./n.,一天
1745,site,/site/,v./n.,现场
1746,must,/must/,v./n.,不得不
1747,late,/late/,v.,深夜
1748,alone,/alone/,v./n.,单独
1749,two,/two/,v./n.,两个人
1750,well,/well/,v./n.,过得好吗
1751,ironic,/ironic/,v./n.,讽刺
1752,stiff,/stiff/,v./n.,僵硬
1753,persistent,/persistent/,v./n.,坚持
1754,separate,/separate/,v.,分离
1755,bridesmaid,/bridesmaid/,v./n.,伴娘
1756,sparkle,/sparkle/,v./n.,闪烁
1757,absurd,/absurd/,v./n.,荒谬
1758,expressionless,/expressionless/,adj.,面无表情
1759,appease,/appease/,v./n.,应付
1760,impulsively,/impulsively/,adv.,冲动地
1761,stranger,/stranger/,v./n.,陌生人
1762,prop,/prop/,v./n.,道具
1763,revealing,/revealing/,v./n.,暴露
1764,seductive,/seductive/,adj.,诱惑
1765,calculate,/calculate/,v.,算计
1766,pretend,/pretend/,v./n.,伪装
1767,comfortable,/comfortable/,adj.,舒适
1768,ending,/ending/,v./n.,结局
1769,sober,/sober/,v./n.,清醒
1770,consume,/consume/,v./n.,吞噬
1771,influential,/influential/,adj.,有影响力的
1772,giant,/giant/,v./n.,巨头
1773,empire,/empire/,v./n.,帝国
1774,apparent,/apparent/,v./n.,表面
1775,corruption,/corruption/,n.,腐败
1776,banquet,/banquet/,v./n.,宴会
1777,pleasure,/pleasure/,v./n.,荣幸
1778,fluent,/fluent/,v./n.,流利
1779,scrutiny,/scrutiny/,v./n.,审查
1780,ceremony,/ceremony/,v./n.,典礼
1781,dark,/dark/,v./n.,黑暗
1782,exhausted,/exhausted/,v./n.,疲惫
1783,decoration,/decoration/,n.,装饰
1784,hundred,/hundred/,v./n.,百
1785,scented,/scented/,v./n.,香薰
1786,crystal,/crystal/,adj.,水晶
1787,goblet,/goblet/,v./n.,酒杯
1788,favorite,/favorite/,v./n.,最爱
1789,appetizer,/appetizer/,v./n.,前菜
1790,congratulations,/congratulations/,v./n.,祝贺
1791,accompany,/accompany/,v./n.,陪伴
1792,serve,/serve/,v./n.,端上
1793,strive,/strive/,adj.,奋斗
1794,current,/current/,v./n.,当前
1795,innovative,/innovative/,adj.,创新
1796,friend,/friend/,v./n.,朋友
1797,simulate,/simulate/,v.,模拟
1798,saturate,/saturate/,v.,饱和
1799,authoritative,/authoritative/,adj.,权威
1800,segment,/segment/,n.,细分
1801,shortcut,/shortcut/,v./n.,捷径
1802,sunshine,/sunshine/,v./n.,阳光
1803,modern,/modern/,v./n.,现代
1804,echo,/echo/,v./n.,呼应
1805,colorful,/colorful/,adj.,丰富
1806,tremble,/tremble/,v./n.,颤抖
1807,fellow,/fellow/,v./n.,同好
1808,actually,/actually/,adv.,其实
1809,faint,/faint/,v./n.,淡淡
1810,famous,/famous/,adj.,著名
1811,elite,/elite/,v./n.,精英
1812,suitable,/suitable/,adj.,合适
1813,patiently,/patiently/,adv.,耐心地
1814,wisely,/wisely/,adv.,明智地
1815,sincerely,/sincerely/,adv.,真诚地
1816,continuous,/continuous/,adj.,持续的
1817,celebrate,/celebrate/,v.,庆祝
1818,forget,/forget/,v./n.,忘记
1819,sad,/sad/,v./n.,难过
1820,thoroughly,/thoroughly/,adv.,彻底地
1821,assessment,/assessment/,n.,考核
1822,construct,/construct/,v./n.,建设
1823,willing,/willing/,v./n.,愿意
1824,infinite,/infinite/,adj.,无限的
1825,focused,/focused/,adj.,专注的
1826,date,/date/,v.,约会
1827,guard,/guard/,v./n.,守护
1828,natural,/natural/,adj.,自然
1829,admit,/admit/,v./n.,承认
1830,reborn,/reborn/,v./n.,重生
1831,painfully,/painfully/,adv.,痛苦地
1832,death,/death/,v./n.,死亡
1833,miraculously,/miraculously/,adv.,奇迹般地
1834,cruelly,/cruelly/,adv.,残忍地
1835,vicious,/vicious/,adj.,恶毒的
1836,price,/price/,v./n.,代价
1837,extremely,/extremely/,adv.,极其
1838,purpose,/purpose/,adj.,目的
1839,cleverly,/cleverly/,adv.,聪明地
1840,huge,/huge/,v./n.,庞大
1841,shocking,/shocking/,adj.,令人震惊的
1842,charitable,/charitable/,adj.,慈善的
1843,anxiously,/anxiously/,adv.,焦虑地
1844,win,/win/,v./n.,赢回
1845,publicly,/publicly/,adv.,公开地
1846,fierce,/fierce/,adj.,激烈的
1847,medical,/medical/,adj.,医学的
1848,traditional,/traditional/,adj.,传统的
1849,effect,/effect/,v./n.,效果
1850,campaign,/campaign/,v./n.,战役
1851,monopolize,/monopolize/,v.,垄断
1852,supplier,/supplier/,v./n.,供应商
1853,alertly,/alertly/,adv.,警惕地
1854,surveillance,/surveillance/,n.,监控
1855,dynamic,/dynamic/,v./n.,动态
1856,obsess,/obsess/,v./n.,痴迷
1857,intermediary,/intermediary/,v./n.,中间人
1858,sensational,/sensational/,adj.,轰动
1859,bomb,/bomb/,v./n.,炸弹
1860,plummet,/plummet/,v./n.,暴跌
1861,preliminary,/preliminary/,v./n.,初步
1862,orchestrate,/orchestrate/,v.,策划
1863,arrest,/arrest/,v./n.,逮捕
1864,legal,/legal/,adj.,法律
1865,regularly,/regularly/,adv.,定期
1866,glorious,/glorious/,adj.,辉煌
1867,ethics,/ethics/,v./n.,伦理
1868,benchmark,/benchmark/,v./n.,标杆
1869,example,/example/,v./n.,榜样
1870,redemption,/redemption/,n.,救赎
1871,slim,/slim/,v./n.,消瘦
1872,hurry,/hurry/,v./n.,匆忙
1873,tropical,/tropical/,adj.,热带
1874,fortunate,/fortunate/,v.,幸运
1875,dance,/dance/,n.,舞动
1876,pour,/pour/,v./n.,倾泻
1877,nourish,/nourish/,v./n.,滋养
1878,contour,/contour/,v./n.,轮廓
1879,unable,/unable/,adj.,无法
1880,quicken,/quicken/,v./n.,加快
1881,symbolic,/symbolic/,v./n.,象征
1882,occupy,/occupy/,v./n.,占据
1883,endless,/endless/,adj.,无休止的
1884,shackle,/shackle/,v./n.,枷锁
1885,leadership,/leadership/,v./n.,领导力
1886,magnetic,/magnetic/,v./n.,磁性
1887,skeptical,/skeptical/,adj.,质疑
1888,fascinating,/fascinating/,v./n.,迷人
1889,dramatic,/dramatic/,adj.,戏剧性的
1890,approachable,/approachable/,adj.,平易近人
1891,basically,/basically/,adv.,基本
1892,absolute,/absolute/,v./n.,绝对
1893,rarely,/rarely/,adv.,很少
1894,substance,/substance/,n.,实质
1895,abrupt,/abrupt/,v./n.,突然
1896,daily,/daily/,adv.,日常
1897,tidy,/tidy/,v./n.,整洁
1898,order,/order/,v./n.,有序
1899,tiny,/tiny/,v./n.,微小
1900,cancel,/cancel/,v./n.,取消
1901,lack,/lack/,v./n.,缺乏
1902,uncontrollable,/uncontrollable/,adj.,无法控制
1903,tremendous,/tremendous/,adj.,巨大的
1904,tolerant,/tolerant/,v./n.,包容
1905,powerless,/powerless/,adj.,无能为力
1906,deserve,/deserve/,v./n.,应得
1907,tasteful,/tasteful/,adj.,有品味的
1908,scandal,/scandal/,adj.,丑闻
1909,tragedy,/tragedy/,v./n.,悲剧
1910,urban,/urban/,adj.,城市的
1911,tip,/tip/,v./n.,提示
1912,expectant,/expectant/,v./n.,期待
1913,accidental,/accidental/,adj.,偶然
1914,rapid,/rapid/,v./n.,迅速
1915,overview,/overview/,v./n.,俯瞰
1916,equip,/equip/,v./n.,配备
1917,advanced,/advanced/,v./n.,先进
1918,collection,/collection/,n.,收藏
1919,violate,/violate/,v.,违背
1920,bankrupt,/bankrupt/,v./n.,破产
1921,analytical,/analytical/,adj.,分析
1922,final,/final/,adj.,最终
1923,proactive,/proactive/,adj.,主动
1924,domestic,/domestic/,v./n.,居家
1925,sublimate,/sublimate/,v.,升华
1926,newcomer,/newcomer/,v./n.,新人
1927,wholehearted,/wholehearted/,v./n.,全力以赴
1928,undertake,/undertake/,v./n.,承担
1929,train,/train/,v./n.,培训
1930,assess,/assess/,v./n.,考核
1931,luxuriant,/luxuriant/,v./n.,茂盛
1932,shape,/shape/,v./n.,塑造
1933,significance,/significance/,n.,意义
1934,scrutinize,/scrutinize/,v.,推敲
1935,origin,/origin/,v./n.,初衷
1936,fascinate,/fascinate/,v.,着迷
1937,innovate,/innovate/,v.,创新
1938,harmonious,/harmonious/,adj.,和谐
1939,magnitude,/magnitude/,v./n.,重大
1940,convenient,/convenient/,v./n.,便捷
1941,wide,/wide/,v./n.,宽阔
1942,rigor,/rigor/,v./n.,严谨
1943,complexity,/complexity/,n.,复杂
1944,disturbed,/disturbed/,v./n.,波动
1945,wonder,/wonder/,v./n.,疑惑
1946,attracted,/attracted/,v./n.,被吸引
1947,diligence,/diligence/,n.,勤奋
1948,learning,/learning/,v./n.,学习
1949,thirst,/thirst/,v./n.,渴望
1950,flavor,/flavor/,v./n.,味道
1951,immersed,/immersed/,v./n.,沉浸
1952,relaxed,/relaxed/,v./n.,放松
1953,embarrassed,/embarrassed/,v./n.,尴尬
1954,clumsy,/clumsy/,v./n.,笨拙
1955,adequate,/adequate/,v.,充足的
1956,ancestor,/ancestor/,v./n.,祖先
1957,avenue,/avenue/,v./n.,途径
1958,ascertain,/ascertain/,v./n.,确定
1959,anguish,/anguish/,v./n.,痛苦
1960,attempt,/attempt/,v./n.,尝试
1961,corporate,/corporate/,v.,公司的
1962,hazard,/hazard/,v./n.,危险
1963,administrative,/administrative/,adj.,行政的
1964,aptitude,/aptitude/,v./n.,才能
1965,occupation,/occupation/,n.,职业
1966,commence,/commence/,n.,开始
1967,apparently,/apparently/,adv.,显然地
1968,attach,/attach/,v./n.,附上
1969,considerable,/considerable/,adj.,相当大的
1970,allege,/allege/,v./n.,断言
1971,accomplish,/accomplish/,v./n.,完成
1972,advocate,/advocate/,v.,提倡
1973,assurance,/assurance/,n.,保证
1974,objective,/objective/,adj.,目标
1975,archive,/archive/,adj.,档案
1976,browse,/browse/,v./n.,浏览
1977,attain,/attain/,v./n.,达到
1978,aggregate,/aggregate/,v.,总计
1979,alleviate,/alleviate/,v.,减轻
1980,authentic,/authentic/,adj.,真实的
1981,certificate,/certificate/,v.,证书
1982,documentary,/documentary/,adj.,记录的
1983,assert,/assert/,v./n.,断言
1984,arise,/arise/,v./n.,产生
1985,argument,/argument/,n.,论点
1986,attorney,/attorney/,v./n.,律师
1987,subsequent,/subsequent/,adj.,随后的
1988,audience,/audience/,n.,观众
1989,afterward,/afterward/,v./n.,之后
1990,associate,/associate/,v.,联系
1991,erupt,/erupt/,v./n.,爆发
1992,incredible,/incredible/,adj.,难以置信的
1993,portion,/portion/,n.,部分
1994,donate,/donate/,v.,捐赠
1995,generosity,/generosity/,n.,慷慨
1996,widespread,/widespread/,adj.,广泛的
1997,aim,/aim/,v./n.,目标
1998,abolish,/abolish/,v./n.,废除
1999,capacity,/capacity/,n.,能力
2000,workshop,/workshop/,v./n.,研讨会
2001,compelling,/compelling/,adj.,引人注目的
2002,eloquent,/eloquent/,adj.,雄辩的
2003,appreciation,/appreciation/,n.,欣赏
2004,proclaim,/proclaim/,v./n.,宣称
2005,combat,/combat/,v./n.,战斗
2006,conviction,/conviction/,n.,信念
2007,universal,/universal/,adj.,普遍的
2008,exist,/exist/,v./n.,存在
2009,host,/host/,v./n.,主持
2010,triumph,/triumph/,v./n.,胜利
2011,earn,/earn/,v./n.,获得
2012,admiration,/admiration/,n.,钦佩
2013,protege,/protege/,v./n.,被保护者
2014,thus,/thus/,v./n.,因此
2015,legacy,/legacy/,v./n.,遗产
2016,perpetuate,/perpetuate/,v.,使永存
2017,gaze,/gaze/,v./n.,凝视
2018,destination,/destination/,n.,目的地
2019,nevertheless,/nevertheless/,adj.,然而
2020,ultimately,/ultimately/,adv.,最终
2021,inner,/inner/,adj.,内心的
2022,symbolizing,/symbolizing/,v./n.,象征
2023,tale,/tale/,v./n.,故事
2024,beam,/beam/,v./n.,光线
2025,brass,/brass/,v./n.,黄铜
2026,behave,/behave/,v./n.,表现
2027,blunt,/blunt/,v./n.,直率
2028,bargain,/bargain/,v./n.,讨价还价
2029,baffle,/baffle/,v./n.,困惑
2030,bother,/bother/,v./n.,打扰
2031,bewildered,/bewildered/,v./n.,迷惑
2032,benevolent,/benevolent/,adj.,仁慈的
2033,biography,/biography/,v./n.,传记
2034,boom,/boom/,v./n.,繁荣
2035,backbone,/backbone/,v./n.,脊梁
2036,bless,/bless/,adj.,祝福
2037,beloved,/beloved/,adj.,心爱的人
2038,burst,/burst/,v./n.,爆发
2039,border,/border/,v./n.,边界
2040,blend,/blend/,v./n.,混合
2041,bound,/bound/,v./n.,跳跃
2042,bonus,/bonus/,v./n.,奖金
2043,bubble,/bubble/,v./n.,气泡
2044,broadcast,/broadcast/,v./n.,广播
2045,bride,/bride/,v./n.,新娘
2046,butterfly,/butterfly/,adv.,蝴蝶
2047,bunch,/bunch/,v./n.,束
2048,bracket,/bracket/,v./n.,括号
2049,belief,/belief/,v./n.,信念
2050,blaze,/blaze/,v./n.,闪耀
2051,bounce,/bounce/,v./n.,弹跳
2052,baseball,/baseball/,v./n.,棒球
2053,broad,/broad/,v./n.,广阔
2054,become,/become/,v./n.,成为
2055,briefcase,/briefcase/,v./n.,公文包
2056,blank,/blank/,v./n.,空白
2057,bland,/bland/,v./n.,平淡
2058,blissful,/blissful/,adj.,幸福的
2059,bearing,/bearing/,v./n.,举止
2060,brisk,/brisk/,v./n.,活泼
2061,bored,/bored/,v./n.,无聊
2062,boost,/boost/,v./n.,鼓励
2063,bridegroom,/bridegroom/,v./n.,新郎
2064,breath,/breath/,v./n.,呼吸
2065,breed,/breed/,v./n.,孕育
2066,bind,/bind/,v./n.,绑定
2067,block,/block/,v./n.,阻挡
2068,cafeteria,/cafeteria/,v./n.,自助餐厅
2069,calorie,/calorie/,v./n.,卡路里
2070,cabinet,/cabinet/,v./n.,橱柜
2071,carrot,/carrot/,v./n.,胡萝卜
2072,cheese,/cheese/,v./n.,奶酪
2073,cassette,/cassette/,v./n.,磁带
2074,catalog,/catalog/,v./n.,目录
2075,cart,/cart/,v./n.,手推车
2076,carrier,/carrier/,v./n.,承载器
2077,online,/online/,v./n.,在线
2078,canyon,/canyon/,v./n.,峡谷
2079,cave,/cave/,v./n.,洞穴
2080,catch,/catch/,v./n.,抓住
2081,cage,/cage/,v./n.,笼子
2082,cease,/cease/,v./n.,停止
2083,ceiling,/ceiling/,v./n.,天花板
2084,charter,/charter/,v./n.,章程
2085,certify,/certify/,v.,认证
2086,carve,/carve/,v./n.,雕刻
2087,cathedral,/cathedral/,adj.,大教堂
2088,carriage,/carriage/,v./n.,马车
2089,childhood,/childhood/,v./n.,童年
2090,central,/central/,adj.,中央
2091,census,/census/,v./n.,人口普查
2092,capable,/capable/,adj.,能够
2093,category,/category/,v./n.,类别
2094,cater,/cater/,v./n.,迎合
2095,cascade,/cascade/,v./n.,倾泻
2096,cable,/cable/,adj.,电缆
2097,certainty,/certainty/,v./n.,确定性
2098,cabin,/cabin/,v./n.,小木屋
2099,cement,/cement/,n.,水泥
2100,cartoon,/cartoon/,v./n.,卡通
2101,canvas,/canvas/,v./n.,帆布
2102,cheerful,/cheerful/,adj.,愉快的
2103,chess,/chess/,v./n.,国际象棋
2104,calamity,/calamity/,n.,灾难
2105,cannon,/cannon/,v./n.,大炮
2106,cheer,/cheer/,v./n.,欢呼
2107,cancer,/cancer/,v./n.,癌症
2108,cause,/cause/,v./n.,原因
2109,celebrity,/celebrity/,n.,名人
2110,chair,/chair/,v./n.,主持
2111,chairman,/chairman/,v./n.,主席
2112,cargo,/cargo/,v./n.,货物
2113,carbon,/carbon/,v./n.,碳
2114,caption,/caption/,n.,标题
2115,captive,/captive/,adj.,被俘的
2116,cell,/cell/,v./n.,细胞
2117,chemical,/chemical/,adj.,化学
2118,chew,/chew/,v./n.,咀嚼
2119,canoe,/canoe/,v./n.,独木舟
2120,calendar,/calendar/,v./n.,日历
2121,cellar,/cellar/,v./n.,地下室
2122,chancellor,/chancellor/,v./n.,大学校长
2123,chase,/chase/,v./n.,追逐
2124,catastrophe,/catastrophe/,v./n.,灾难
2125,caution,/caution/,n.,谨慎
2126,certain,/certain/,adj.,确定的
2127,censorship,/censorship/,v./n.,审查
2128,censor,/censor/,v./n.,审查
2129,chart,/chart/,v./n.,图表
2130,chest,/chest/,v./n.,胸腔
2131,cattle,/cattle/,v./n.,牛
2132,castle,/castle/,v./n.,城堡
2133,casualty,/casualty/,v./n.,伤亡
2134,centigrade,/centigrade/,v./n.,摄氏
2135,chip,/chip/,v./n.,芯片
2136,chocolate,/chocolate/,v.,巧克力
2137,chill,/chill/,v./n.,寒冷
2138,cash,/cash/,v./n.,现金
2139,cashier,/cashier/,v./n.,出纳
2140,carpenter,/carpenter/,v./n.,木匠
2141,designate,/designate/,v.,指定
2142,delicate,/delicate/,v.,精致的
2143,depute,/depute/,v./n.,委托
2144,desirable,/desirable/,adj.,令人向往的
2145,debate,/debate/,v.,辩论
2146,depict,/depict/,v./n.,描绘
2147,decrease,/decrease/,v./n.,减少
2148,desert,/desert/,v./n.,遗弃
2149,deficit,/deficit/,v./n.,赤字
2150,descend,/descend/,v./n.,降临
2151,democratic,/democratic/,adj.,民主的
2152,defy,/defy/,v./n.,反抗
2153,despise,/despise/,v./n.,轻视
2154,despite,/despite/,v./n.,尽管
2155,decline,/decline/,v./n.,下降
2156,decade,/decade/,v./n.,十年
2157,distribute,/distribute/,v./n.,分配
2158,durable,/durable/,adj.,持久的
2159,eager,/eager/,v./n.,渴望地
2160,eaves,/eaves/,v./n.,树叶
2161,eagle,/eagle/,v./n.,老鹰
2162,earnest,/earnest/,adj.,真挚的
2163,easy,/easy/,v./n.,轻松
2164,easily,/easily/,adv.,轻易地
2165,enable,/enable/,adj.,使能够
2166,elementary,/elementary/,adj.,基础的
2167,either,/either/,adj.,任一的
2168,edit,/edit/,v./n.,修改
2169,edition,/edition/,n.,版本
2170,elucidate,/elucidate/,v.,阐明
2171,endeavor,/endeavor/,v./n.,尽力
2172,embarrassing,/embarrassing/,adj.,令人尴尬的
2173,entirely,/entirely/,adv.,完全地
2174,emit,/emit/,v./n.,发出
2175,energetic,/energetic/,adj.,充满活力的
2176,enchant,/enchant/,v./n.,使着迷
2177,enclose,/enclose/,v./n.,附上
2178,effectively,/effectively/,adv.,有效地
2179,eagerly,/eagerly/,adv.,渴望地
2180,emphasis,/emphasis/,v./n.,重点
2181,eastern,/eastern/,adj.,东方的
2182,economic,/economic/,adj.,经济上的
2183,employment,/employment/,n.,维系
2184,economy,/economy/,v./n.,经济
2185,eccentric,/eccentric/,adj.,古怪的
2186,elevate,/elevate/,v.,晋升
2187,elsewhere,/elsewhere/,v./n.,其他地方
2188,eclipse,/eclipse/,v./n.,超越
2189,edge,/edge/,v./n.,边缘
2190,earliest,/earliest/,v./n.,尽早地
2191,enchanting,/enchanting/,adj.,迷人的
2192,ever,/ever/,v./n.,永远
2193,worthy,/worthy/,adj.,值得的
2194,eligible,/eligible/,adj.,符合资格的
2195,surrender,/surrender/,v./n.,放弃
2196,equally,/equally/,adv.,平等地
2197,enduring,/enduring/,adj.,持久的
2198,explicit,/explicit/,adj.,明确的
2199,engage,/engage/,v./n.,参与
2200,evolve,/evolve/,v./n.,发展
2201,episode,/episode/,v./n.,片段
2202,empower,/empower/,v./n.,赋予力量
2203,enlighten,/enlighten/,v./n.,启发
2204,encouraging,/encouraging/,adj.,令人鼓舞的
2205,energetically,/energetically/,adv.,精力充沛地
2206,educate,/educate/,v.,教育
2207,elastic,/elastic/,adj.,有弹性的
2208,external,/external/,adj.,外部的
2209,elongate,/elongate/,v.,拉长
2210,earthquake,/earthquake/,v./n.,震撼
2211,exemplary,/exemplary/,adj.,模范的
2212,exclusive,/exclusive/,adj.,独有的
2213,emotional,/emotional/,adj.,感人的
2214,exceptional,/exceptional/,adj.,卓越的
2215,everlasting,/everlasting/,adj.,永恒的
2216,examination,/examination/,n.,考验
2217,lamp,/lamp/,v./n.,灯
2218,fabulous,/fabulous/,adj.,极好的
2219,filter,/filter/,v./n.,渗透
2220,furniture,/furniture/,v./n.,家具
2221,file,/file/,v./n.,文件
2222,finance,/finance/,n.,财务
2223,find,/find/,v./n.,找到
2224,father,/father/,v./n.,父亲
2225,farmer,/farmer/,v./n.,农民
2226,feed,/feed/,v./n.,喂养
2227,fantasy,/fantasy/,v./n.,幻想
2228,feeble,/feeble/,adj.,微弱的
2229,festive,/festive/,adj.,欢乐的
2230,finite,/finite/,adj.,有限的
2231,faithful,/faithful/,adj.,忠诚的
2232,fearless,/fearless/,adj.,无畏的
2233,feverish,/feverish/,adj.,发烧的
2234,fancy,/fancy/,v./n.,喜欢
2235,fetch,/fetch/,v./n.,取来
2236,fill,/fill/,v./n.,填写
2237,factor,/factor/,v./n.,因素
2238,fine,/fine/,adj.,仔细的
2239,fatigue,/fatigue/,v./n.,疲劳
2240,facility,/facility/,n.,设施
2241,facilitate,/facilitate/,v.,促进
2242,fasten,/fasten/,v./n.,固定
2243,facade,/facade/,v./n.,表面
2244,fiber,/fiber/,v./n.,纤维
2245,flee,/flee/,v./n.,逃离
2246,fix,/fix/,v./n.,确定
2247,fatal,/fatal/,adj.,致命的
2248,farming,/farming/,v./n.,务农
2249,fishing,/fishing/,v./n.,捕鱼
2250,falters,/falters/,v./n.,摇晃
2251,fearful,/fearful/,adj.,恐惧的
2252,fantastic,/fantastic/,adj.,极好的
2253,federal,/federal/,adj.,联邦的
2254,fictitious,/fictitious/,adj.,虚构的
2255,feat,/feat/,v./n.,功绩
2256,fifteenth,/fifteenth/,v./n.,第十五
2257,fiercely,/fiercely/,adv.,激烈地
2258,fervor,/fervor/,v./n.,热情
2259,hard,/hard/,v./n.,努力
2260,feast,/feast/,v./n.,宴请
2261,fee,/fee/,v./n.,费用
2262,foster,/foster/,v./n.,培养
2263,execution,/execution/,n.,执行力
2264,faculty,/faculty/,v./n.,全体教员
2265,male,/male/,v./n.,男性
2266,fellowship,/fellowship/,v./n.,友谊
2267,fit,/fit/,v./n.,适合
2268,fleet,/fleet/,v./n.,舰队
2269,float,/float/,v./n.,漂浮
2270,fertilizing,/fertilizing/,v./n.,施肥
2271,fertile,/fertile/,adj.,肥沃的
2272,flourish,/flourish/,v./n.,繁荣
2273,fable,/fable/,adj.,寓言
2274,fascination,/fascination/,n.,着迷
2275,flat,/flat/,adj.,平坦的
2276,falsehood,/falsehood/,v./n.,谎言
2277,facet,/facet/,v./n.,方面
2278,flexibility,/flexibility/,n.,灵活性
2279,faced,/faced/,v./n.,面对
2280,fairness,/fairness/,n.,公平
2281,federation,/federation/,n.,联盟
2282,fan,/fan/,v./n.,粉丝
2283,fulfillment,/fulfillment/,n.,满足
2284,fell,/fell/,v./n.,倒下
2285,feather,/feather/,v./n.,羽毛
2286,few,/few/,v./n.,少数
2287,famine,/famine/,v./n.,饥饿
2288,fertilize,/fertilize/,v.,施肥
2289,faction,/faction/,n.,派别
2290,fateful,/fateful/,adj.,命运攸关的
2291,further,/further/,v./n.,进一步
2292,hand,/hand/,v./n.,手
2293,road,/road/,v./n.,道路
2294,spirit,/spirit/,v./n.,精神
2295,tall,/tall/,adj.,高的
2296,flashing,/flashing/,adj.,闪烁的
2297,knows,/knows/,v./n.,知道
2298,say,/say/,v./n.,说
2299,every,/every/,v./n.,每个
2300,idea,/idea/,v./n.,想法
2301,glass,/glass/,v./n.,玻璃
2302,global,/global/,adj.,全球的
2303,globe,/globe/,v./n.,世界
2304,govern,/govern/,v./n.,管理
2305,geometry,/geometry/,v./n.,几何
2306,garage,/garage/,v./n.,车库
2307,glimmer,/glimmer/,v./n.,闪烁
2308,gallon,/gallon/,v./n.,加仑
2309,gender,/gender/,v./n.,性别
2310,garbage,/garbage/,v./n.,垃圾
2311,glow,/glow/,v./n.,发光
2312,golden,/golden/,adj.,金色的
2313,garment,/garment/,n.,服装
2314,grace,/grace/,v./n.,优雅
2315,gracious,/gracious/,adj.,亲切的
2316,geology,/geology/,v./n.,地质学
2317,gauge,/gauge/,v./n.,测量
2318,gesture,/gesture/,v./n.,手势
2319,giggle,/giggle/,v./n.,咯咯笑
2320,gifted,/gifted/,adj.,有天赋的
2321,gateway,/gateway/,v./n.,通道
2322,glacier,/glacier/,v./n.,冰川
2323,gasp,/gasp/,v./n.,喘息
2324,generate,/generate/,v.,产生
2325,generalize,/generalize/,v.,概括
2326,glitter,/glitter/,v./n.,闪耀
2327,gain,/gain/,v./n.,获得
2328,graph,/graph/,v./n.,图表
2329,gospel,/gospel/,v./n.,好消息
2330,guess,/guess/,v./n.,猜测
2331,gracefully,/gracefully/,adv.,优雅地
2332,gleam,/gleam/,v./n.,闪烁
2333,golf,/golf/,v./n.,高尔夫
2334,good,/good/,adj.,好的
2335,gallop,/gallop/,v./n.,疾驰
2336,gear,/gear/,v./n.,齿轮
2337,gang,/gang/,v./n.,一群
2338,genre,/genre/,v./n.,类型
2339,genetic,/genetic/,v./n.,基因
2340,glide,/glide/,v./n.,滑行
2341,grade,/grade/,v./n.,等级
2342,grant,/grant/,v./n.,授予
2343,garden,/garden/,v./n.,花园
2344,garlic,/garlic/,v./n.,大蒜
2345,startled,/startled/,v./n.,惊吓
2346,grateful,/grateful/,adj.,感激的
2347,gloom,/gloom/,v./n.,忧郁
2348,gale,/gale/,v./n.,大风
2349,grip,/grip/,v./n.,紧握
2350,gentleman,/gentleman/,v./n.,绅士
2351,gym,/gym/,v./n.,健身房
2352,gigantic,/gigantic/,adj.,巨大的
2353,generously,/generously/,adv.,慷慨地
2354,goods,/goods/,v./n.,货物
2355,gold,/gold/,v./n.,黄金
2356,grab,/grab/,v./n.,抓住
2357,glimpse,/glimpse/,v./n.,一瞥
2358,glove,/glove/,v./n.,手套
2359,gosling,/gosling/,v./n.,小鹅
2360,gulf,/gulf/,v./n.,海湾
2361,gorge,/gorge/,v./n.,峡谷
2362,graze,/graze/,v./n.,吃草
2363,greenhouse,/greenhouse/,v./n.,温室
2364,gratify,/gratify/,v.,使满足
2365,ginger,/ginger/,v./n.,生姜
2366,geography,/geography/,v./n.,地理
2367,ghost,/ghost/,v./n.,幽灵
2368,given,/given/,v./n.,如果
2369,come,/come/,v./n.,来临
2370,gorgeous,/gorgeous/,adj.,美丽的
2371,harness,/harness/,n.,利用
2372,heal,/heal/,adj.,治愈
2373,hero,/hero/,v./n.,英雄
2374,heroically,/heroically/,adv.,英勇地
2375,helpful,/helpful/,adj.,有用的
2376,honorable,/honorable/,adj.,可敬的
2377,hypothetical,/hypothetical/,adj.,假设的
2378,successfully,/successfully/,adv.,成功地
2379,hypothesis,/hypothesis/,v./n.,假设
2380,hurdle,/hurdle/,v./n.,障碍
2381,harvest,/harvest/,v./n.,收获
2382,heroic,/heroic/,adj.,英勇的
2383,literary,/literary/,adj.,文学的
2384,reading,/reading/,v./n.,阅读
2385,enthusiast,/enthusiast/,v./n.,爱好者
2386,learned,/learned/,adj.,有学问的
2387,lightning,/lightning/,v./n.,闪电
2388,scholar,/scholar/,v./n.,学者
2389,interpretation,/interpretation/,n.,诠释
2390,polish,/polish/,v./n.,润色
2391,deepen,/deepen/,v./n.,加深
2392,select,/select/,v./n.,选择
2393,develop,/develop/,v./n.,发展
2394,enrich,/enrich/,v./n.,丰富
2395,melody,/melody/,v./n.,旋律
2396,eternity,/eternity/,n.,永恒
2397,symbol,/symbol/,v./n.,象征
